1LG3FS9I,0,0,http://www.wikidata.org/entity/Q218593
1LG3FS9I,1,0,http://www.wikidata.org/entity/Q4201789
1LG3FS9I,2,0,http://www.wikidata.org/entity/Q4201666
1LG3FS9I,0,2,http://www.wikidata.org/entity/Q14877683
1LG3FS9I,1,2,http://www.wikidata.org/entity/Q4339448
1LG3FS9I,2,2,http://www.wikidata.org/entity/Q4339448
1LG3FS9I,0,4,http://www.wikidata.org/entity/Q9633
1LG3FS9I,1,4,http://www.wikidata.org/entity/Q83172
1LG3FS9I,2,4,http://www.wikidata.org/entity/Q83172
4W0OBNEX,1,0,http://www.wikidata.org/entity/Q54802536
4W0OBNEX,2,0,http://www.wikidata.org/entity/Q41793680
4W0OBNEX,1,1,http://www.wikidata.org/entity/Q17297633
4W0OBNEX,2,1,http://www.wikidata.org/entity/Q17297633
UQPH9LSY,1,0,http://www.wikidata.org/entity/Q218593
UQPH9LSY,2,0,http://www.wikidata.org/entity/Q218593
UQPH9LSY,1,1,http://www.wikidata.org/entity/Q50020430
UQPH9LSY,2,1,http://www.wikidata.org/entity/Q12629133
UQPH9LSY,1,2,http://www.wikidata.org/entity/Q713747
UQPH9LSY,2,2,http://www.wikidata.org/entity/Q3035235
RTHP216U,0,0,http://www.wikidata.org/entity/Q218593
RTHP216U,1,0,http://www.wikidata.org/entity/Q218593
RTHP216U,2,0,http://www.wikidata.org/entity/Q218593
RTHP216U,0,1,http://www.wikidata.org/entity/Q9531
RTHP216U,1,1,http://www.wikidata.org/entity/Q7734952
RTHP216U,2,1,http://www.wikidata.org/entity/Q488682
RTHP216U,0,2,http://www.wikidata.org/entity/Q314407
RTHP216U,1,2,http://www.wikidata.org/entity/Q1377491
RTHP216U,2,2,http://www.wikidata.org/entity/Q17632608
66V1UPF1,1,0,http://www.wikidata.org/entity/Q1813849
66V1UPF1,2,0,http://www.wikidata.org/entity/Q118903
66V1UPF1,1,2,http://www.wikidata.org/entity/Q137863
66V1UPF1,2,2,http://www.wikidata.org/entity/Q118910
66V1UPF1,1,3,http://www.wikidata.org/entity/Q37
66V1UPF1,2,3,http://www.wikidata.org/entity/Q37
66V1UPF1,1,4,http://www.wikidata.org/entity/Q188061
66V1UPF1,2,4,http://www.wikidata.org/entity/Q188061
WJDZNJ7R,1,0,http://www.wikidata.org/entity/Q218593
WJDZNJ7R,2,0,http://www.wikidata.org/entity/Q218593
WJDZNJ7R,1,1,http://www.wikidata.org/entity/Q160590
WJDZNJ7R,2,1,http://www.wikidata.org/entity/Q16514478
WJDZNJ7R,1,2,http://www.wikidata.org/entity/Q263985
WJDZNJ7R,2,2,http://www.wikidata.org/entity/Q7264
KVHVZV3L,1,0,http://www.wikidata.org/entity/Q218593
KVHVZV3L,2,0,http://www.wikidata.org/entity/Q218593
KVHVZV3L,1,1,http://www.wikidata.org/entity/Q37276728
KVHVZV3L,2,1,http://www.wikidata.org/entity/Q8731
KVHVZV3L,1,2,http://www.wikidata.org/entity/Q1720
KVHVZV3L,2,2,http://www.wikidata.org/entity/Q392494
639WTBBX,1,0,http://www.wikidata.org/entity/Q218593
639WTBBX,2,0,http://www.wikidata.org/entity/Q218593
RSP4RPJK,1,0,http://www.wikidata.org/entity/Q56702278
RSP4RPJK,2,0,http://www.wikidata.org/entity/Q6974685
RSP4RPJK,1,1,http://www.wikidata.org/entity/Q2601386
RSP4RPJK,2,1,http://www.wikidata.org/entity/Q1967556
L5LD752I,1,0,http://www.wikidata.org/entity/Q67199527
L5LD752I,2,0,http://www.wikidata.org/entity/Q15917739
L5LD752I,1,1,http://www.wikidata.org/entity/Q3656765
L5LD752I,2,1,http://www.wikidata.org/entity/Q2796967
IYAGHNQ1,1,0,http://www.wikidata.org/entity/Q16556419
IYAGHNQ1,2,0,http://www.wikidata.org/entity/Q15943603
IYAGHNQ1,3,0,http://www.wikidata.org/entity/Q16825873
IYAGHNQ1,1,2,http://www.wikidata.org/entity/Q2912397
IYAGHNQ1,2,2,http://www.wikidata.org/entity/Q2912397
IYAGHNQ1,3,2,http://www.wikidata.org/entity/Q1407225
S4BBSEDC,1,0,http://www.wikidata.org/entity/Q218593
S4BBSEDC,2,0,http://www.wikidata.org/entity/Q218593
S4BBSEDC,3,0,http://www.wikidata.org/entity/Q218593
7CWHHFZU,1,0,http://www.wikidata.org/entity/Q218593
7CWHHFZU,2,0,http://www.wikidata.org/entity/Q218593
7CWHHFZU,1,1,http://www.wikidata.org/entity/Q6124976
7CWHHFZU,2,1,http://www.wikidata.org/entity/Q1358138
7CWHHFZU,1,2,http://www.wikidata.org/entity/Q726531
7CWHHFZU,2,2,http://www.wikidata.org/entity/Q1344
SHQ8Y1NF,1,0,http://www.wikidata.org/entity/Q3861904
SHQ8Y1NF,2,0,http://www.wikidata.org/entity/Q11904369
SHQ8Y1NF,1,3,http://www.wikidata.org/entity/Q2052054
SHQ8Y1NF,2,3,http://www.wikidata.org/entity/Q738435
YSKIF9MF,1,0,http://www.wikidata.org/entity/Q170347
YSKIF9MF,2,0,http://www.wikidata.org/entity/Q68828125
AKVHIMRU,1,0,http://www.wikidata.org/entity/Q3911749
AKVHIMRU,2,0,http://www.wikidata.org/entity/Q13446741
AKVHIMRU,1,1,http://www.wikidata.org/entity/Q219414
AKVHIMRU,2,1,http://www.wikidata.org/entity/Q184602
S3CKGCLJ,1,0,http://www.wikidata.org/entity/Q376769
S3CKGCLJ,2,0,http://www.wikidata.org/entity/Q265864
MXQ1SKLG,1,0,http://www.wikidata.org/entity/Q3261346
MXQ1SKLG,2,0,http://www.wikidata.org/entity/Q216344
7NCVAPZ6,1,0,http://www.wikidata.org/entity/Q218593
7NCVAPZ6,2,0,http://www.wikidata.org/entity/Q218593
T55TO34J,1,0,http://www.wikidata.org/entity/Q218593
T55TO34J,2,0,http://www.wikidata.org/entity/Q218593
DVL415PS,1,0,http://www.wikidata.org/entity/Q28130502
DVL415PS,2,0,http://www.wikidata.org/entity/Q2138558
DVL415PS,3,0,http://www.wikidata.org/entity/Q4442617
DVL415PS,1,1,http://www.wikidata.org/entity/Q113453
DVL415PS,2,1,http://www.wikidata.org/entity/Q515
DVL415PS,3,1,http://www.wikidata.org/entity/Q8059289
DVL415PS,1,2,http://www.wikidata.org/entity/Q1037
DVL415PS,2,2,http://www.wikidata.org/entity/Q183
DVL415PS,3,2,http://www.wikidata.org/entity/Q15180
KXSQH8PJ,1,0,http://www.wikidata.org/entity/Q28115878
KXSQH8PJ,2,0,http://www.wikidata.org/entity/Q23979027
KXSQH8PJ,3,0,http://www.wikidata.org/entity/Q28119220
KXSQH8PJ,1,2,http://www.wikidata.org/entity/Q192534
KXSQH8PJ,2,2,http://www.wikidata.org/entity/Q192534
KXSQH8PJ,3,2,http://www.wikidata.org/entity/Q182432
I35616OY,1,0,http://www.wikidata.org/entity/Q210907
I35616OY,2,0,http://www.wikidata.org/entity/Q208268
RU92NLFT,1,0,http://www.wikidata.org/entity/Q5425982
RU92NLFT,2,0,http://www.wikidata.org/entity/Q7660036
RU92NLFT,1,1,http://www.wikidata.org/entity/Q1065809
RU92NLFT,2,1,http://www.wikidata.org/entity/Q487556
RU92NLFT,1,2,http://www.wikidata.org/entity/Q812
RU92NLFT,2,2,http://www.wikidata.org/entity/Q3130
P0P41ODQ,1,0,http://www.wikidata.org/entity/Q28799994
P0P41ODQ,2,0,http://www.wikidata.org/entity/Q28105676
7UH8BJ87,1,0,http://www.wikidata.org/entity/Q218593
7UH8BJ87,2,0,http://www.wikidata.org/entity/Q218593
10Q6EESN,1,0,http://www.wikidata.org/entity/Q21999654
10Q6EESN,2,0,http://www.wikidata.org/entity/Q29029690
10Q6EESN,1,1,http://www.wikidata.org/entity/Q19652
10Q6EESN,2,1,http://www.wikidata.org/entity/Q19652
10Q6EESN,1,2,http://www.wikidata.org/entity/Q357824
10Q6EESN,2,2,http://www.wikidata.org/entity/Q313922
QNHDL33N,1,0,http://www.wikidata.org/entity/Q218593
QNHDL33N,2,0,http://www.wikidata.org/entity/Q218593
QNHDL33N,1,1,http://www.wikidata.org/entity/Q11436
QNHDL33N,2,1,http://www.wikidata.org/entity/Q61418
QNHDL33N,1,2,http://www.wikidata.org/entity/Q11436
QNHDL33N,2,2,http://www.wikidata.org/entity/Q917172
KSNGOI8Z,1,0,http://www.wikidata.org/entity/Q218593
KSNGOI8Z,2,0,http://www.wikidata.org/entity/Q218593
KSNGOI8Z,1,1,http://www.wikidata.org/entity/Q3399545
KSNGOI8Z,2,1,http://www.wikidata.org/entity/Q769585
KSNGOI8Z,1,2,http://www.wikidata.org/entity/Q12271
KSNGOI8Z,2,2,http://www.wikidata.org/entity/Q9592
6AAA6KDL,1,0,http://www.wikidata.org/entity/Q1886959
6AAA6KDL,2,0,http://www.wikidata.org/entity/Q1888092
6AAA6KDL,1,1,http://www.wikidata.org/entity/Q2086913
6AAA6KDL,2,1,http://www.wikidata.org/entity/Q2086913
6AAA6KDL,1,2,http://www.wikidata.org/entity/Q490550
6AAA6KDL,2,2,http://www.wikidata.org/entity/Q490477
P8CRFNEP,1,0,http://www.wikidata.org/entity/Q282772
P8CRFNEP,2,0,http://www.wikidata.org/entity/Q22590143
RT326E2G,1,0,http://www.wikidata.org/entity/Q5383621
RT326E2G,2,0,http://www.wikidata.org/entity/Q2557109
RT326E2G,1,1,http://www.wikidata.org/entity/Q19652
RT326E2G,2,1,http://www.wikidata.org/entity/Q19652
RT326E2G,1,2,http://www.wikidata.org/entity/Q34
RT326E2G,2,2,http://www.wikidata.org/entity/Q34
1JCIV762,1,0,http://www.wikidata.org/entity/Q218593
1JCIV762,2,0,http://www.wikidata.org/entity/Q218593
1JCIV762,1,1,http://www.wikidata.org/entity/Q12041640
1JCIV762,2,1,http://www.wikidata.org/entity/Q14935911
1JCIV762,1,2,http://www.wikidata.org/entity/Q12041640
1JCIV762,2,2,http://www.wikidata.org/entity/Q14935911
BWIXL857,1,0,http://www.wikidata.org/entity/Q1049265
BWIXL857,2,0,http://www.wikidata.org/entity/Q9351
CC3DZCAD,1,0,http://www.wikidata.org/entity/Q218593
CC3DZCAD,2,0,http://www.wikidata.org/entity/Q218593
CC3DZCAD,1,1,http://www.wikidata.org/entity/Q1010268
CC3DZCAD,2,1,http://www.wikidata.org/entity/Q7880
CC3DZCAD,1,2,http://www.wikidata.org/entity/Q7134233
CC3DZCAD,2,2,http://www.wikidata.org/entity/Q8146
Y3JPLR2A,1,0,http://www.wikidata.org/entity/Q218593
Y3JPLR2A,2,0,http://www.wikidata.org/entity/Q218593
Y3JPLR2A,1,1,http://www.wikidata.org/entity/Q5371364
Y3JPLR2A,2,1,http://www.wikidata.org/entity/Q106136553
Y3JPLR2A,1,2,http://www.wikidata.org/entity/Q5371364
Y3JPLR2A,2,2,http://www.wikidata.org/entity/Q106136553
QYX0IBGZ,1,0,http://www.wikidata.org/entity/Q2440353
QYX0IBGZ,2,0,http://www.wikidata.org/entity/Q1160193
2WWMLL1O,1,0,http://www.wikidata.org/entity/Q218593
2WWMLL1O,2,0,http://www.wikidata.org/entity/Q218593
2WWMLL1O,3,0,http://www.wikidata.org/entity/Q218593
YA377MQ3,1,0,http://www.wikidata.org/entity/Q334353
YA377MQ3,2,0,http://www.wikidata.org/entity/Q334124
YA377MQ3,1,1,http://www.wikidata.org/entity/Q131132
YA377MQ3,2,1,http://www.wikidata.org/entity/Q131132
YA377MQ3,1,2,http://www.wikidata.org/entity/Q46
YA377MQ3,2,2,http://www.wikidata.org/entity/Q46
SWICQRV2,1,0,http://www.wikidata.org/entity/Q772327
SWICQRV2,2,0,http://www.wikidata.org/entity/Q161156
SWICQRV2,1,2,http://www.wikidata.org/entity/Q319214
SWICQRV2,2,2,http://www.wikidata.org/entity/Q318781
ELRYKU84,1,0,http://www.wikidata.org/entity/Q218593
ELRYKU84,2,0,http://www.wikidata.org/entity/Q218593
NAU7I5UN,1,0,http://www.wikidata.org/entity/Q18888235
NAU7I5UN,2,0,http://www.wikidata.org/entity/Q18888233
NMK2GWBS,1,0,http://www.wikidata.org/entity/Q1287969
NMK2GWBS,2,0,http://www.wikidata.org/entity/Q598755
NZ4LO319,1,0,http://www.wikidata.org/entity/Q218593
NZ4LO319,2,0,http://www.wikidata.org/entity/Q218593
NZ4LO319,1,1,http://www.wikidata.org/entity/Q142
NZ4LO319,2,1,http://www.wikidata.org/entity/Q55020199
NZ4LO319,1,2,http://www.wikidata.org/entity/Q2459400
NZ4LO319,2,2,http://www.wikidata.org/entity/Q16744675
Z618SF1Q,1,0,http://www.wikidata.org/entity/Q21787548
Z618SF1Q,2,0,http://www.wikidata.org/entity/Q30119287
Z618SF1Q,1,2,http://www.wikidata.org/entity/Q503232
Z618SF1Q,2,2,http://www.wikidata.org/entity/Q300856
QX840EMW,1,0,http://www.wikidata.org/entity/Q2487297
QX840EMW,2,0,http://www.wikidata.org/entity/Q255898
QX840EMW,1,1,http://www.wikidata.org/entity/Q36874909
QX840EMW,2,1,http://www.wikidata.org/entity/Q52609380
QX840EMW,1,2,http://www.wikidata.org/entity/Q9899
QX840EMW,2,2,http://www.wikidata.org/entity/Q3070
JRRCRO27,1,0,http://www.wikidata.org/entity/Q3773832
JRRCRO27,2,0,http://www.wikidata.org/entity/Q3773909
JRRCRO27,1,1,http://www.wikidata.org/entity/Q3773834
JRRCRO27,2,1,http://www.wikidata.org/entity/Q2649128
U6IS7IHN,1,0,http://www.wikidata.org/entity/Q2216080
U6IS7IHN,1,1,http://www.wikidata.org/entity/Q3846328
U6IS7IHN,2,1,http://www.wikidata.org/entity/Q2064060
U6IS7IHN,1,2,http://www.wikidata.org/entity/Q842886
U6IS7IHN,2,2,http://www.wikidata.org/entity/Q842886
U6IS7IHN,1,3,http://www.wikidata.org/entity/Q804
U6IS7IHN,2,3,http://www.wikidata.org/entity/Q804
Z7KN2F7D,1,0,http://www.wikidata.org/entity/Q63869441
Z7KN2F7D,2,0,http://www.wikidata.org/entity/Q51280932
HC95KLK7,1,0,http://www.wikidata.org/entity/Q2040870
HC95KLK7,2,0,http://www.wikidata.org/entity/Q10562558
HC95KLK7,1,1,http://www.wikidata.org/entity/Q3857
HC95KLK7,2,1,http://www.wikidata.org/entity/Q25287
HC95KLK7,1,3,http://www.wikidata.org/entity/Q3857
HC95KLK7,2,3,http://www.wikidata.org/entity/Q52502
BR44OMLT,1,0,http://www.wikidata.org/entity/Q80903492
BR44OMLT,2,0,http://www.wikidata.org/entity/Q23307797
BR44OMLT,1,1,http://www.wikidata.org/entity/Q287
BR44OMLT,2,1,http://www.wikidata.org/entity/Q287
BR44OMLT,1,2,http://www.wikidata.org/entity/Q170321
BR44OMLT,2,2,http://www.wikidata.org/entity/Q1471
ZXF2PWA4,1,0,http://www.wikidata.org/entity/Q544661
ZXF2PWA4,2,0,http://www.wikidata.org/entity/Q381143
GPZ72K9R,1,0,http://www.wikidata.org/entity/Q62072792
GPZ72K9R,2,0,http://www.wikidata.org/entity/Q62072798
GPZ72K9R,1,1,http://www.wikidata.org/entity/Q62072793
GPZ72K9R,2,1,http://www.wikidata.org/entity/Q62072799
GPZ72K9R,1,2,http://www.wikidata.org/entity/Q156707
GPZ72K9R,2,2,http://www.wikidata.org/entity/Q1764994
GPZ72K9R,1,3,http://www.wikidata.org/entity/Q3609
GPZ72K9R,2,3,http://www.wikidata.org/entity/Q3609
Y6YD5MVX,1,0,http://www.wikidata.org/entity/Q218593
Y6YD5MVX,2,0,http://www.wikidata.org/entity/Q218593
Y6YD5MVX,3,0,http://www.wikidata.org/entity/Q218593
MSUWADMV,1,0,http://www.wikidata.org/entity/Q218593
MSUWADMV,2,0,http://www.wikidata.org/entity/Q218593
Q4PZJLUI,1,0,http://www.wikidata.org/entity/Q218593
Q4PZJLUI,2,0,http://www.wikidata.org/entity/Q218593
Q4PZJLUI,1,1,http://www.wikidata.org/entity/Q16856986
Q4PZJLUI,2,1,http://www.wikidata.org/entity/Q17985385
Q4PZJLUI,1,2,http://www.wikidata.org/entity/Q17747099
Q4PZJLUI,2,2,http://www.wikidata.org/entity/Q1800430
ORY1V585,1,0,http://www.wikidata.org/entity/Q218593
ORY1V585,2,0,http://www.wikidata.org/entity/Q218593
ZSN12XTG,1,0,http://www.wikidata.org/entity/Q1700617
ZSN12XTG,2,0,http://www.wikidata.org/entity/Q3360203
ZSN12XTG,1,1,http://www.wikidata.org/entity/Q11299
ZSN12XTG,2,1,http://www.wikidata.org/entity/Q99
ZSN12XTG,1,2,http://www.wikidata.org/entity/Q23335394
ZSN12XTG,2,2,http://www.wikidata.org/entity/Q23336065
9E6PUMKB,1,0,http://www.wikidata.org/entity/Q218593
9E6PUMKB,2,0,http://www.wikidata.org/entity/Q218593
9E6PUMKB,3,0,http://www.wikidata.org/entity/Q218593
9E6PUMKB,1,1,http://www.wikidata.org/entity/Q4964675
9E6PUMKB,2,1,http://www.wikidata.org/entity/Q34
9E6PUMKB,3,1,http://www.wikidata.org/entity/Q506250
9E6PUMKB,1,2,http://www.wikidata.org/entity/Q462827
9E6PUMKB,2,2,http://www.wikidata.org/entity/Q34
9E6PUMKB,3,2,http://www.wikidata.org/entity/Q506250
NXVK8K1E,1,0,http://www.wikidata.org/entity/Q218593
NXVK8K1E,2,0,http://www.wikidata.org/entity/Q218593
C7JV7SIA,1,0,http://www.wikidata.org/entity/Q218593
C7JV7SIA,2,0,http://www.wikidata.org/entity/Q218593
C7JV7SIA,3,0,http://www.wikidata.org/entity/Q218593
7JZOS56F,1,0,http://www.wikidata.org/entity/Q218593
7JZOS56F,2,0,http://www.wikidata.org/entity/Q218593
7JZOS56F,3,0,http://www.wikidata.org/entity/Q218593
EHITTI5C,1,0,http://www.wikidata.org/entity/Q218593
EHITTI5C,2,0,http://www.wikidata.org/entity/Q218593
U5V6QARC,1,0,http://www.wikidata.org/entity/Q583893
U5V6QARC,2,0,http://www.wikidata.org/entity/Q645679
U5V6QARC,3,0,http://www.wikidata.org/entity/Q665082
U5V6QARC,1,1,http://www.wikidata.org/entity/Q44758
U5V6QARC,2,1,http://www.wikidata.org/entity/Q44823
U5V6QARC,3,1,http://www.wikidata.org/entity/Q44759
U5V6QARC,1,2,http://www.wikidata.org/entity/Q2792846
U5V6QARC,2,2,http://www.wikidata.org/entity/Q9244
U5V6QARC,3,2,http://www.wikidata.org/entity/Q15329
X8VIPJJW,1,0,http://www.wikidata.org/entity/Q7119870
X8VIPJJW,2,0,http://www.wikidata.org/entity/Q2289631
X8VIPJJW,1,1,http://www.wikidata.org/entity/Q575727
X8VIPJJW,2,1,http://www.wikidata.org/entity/Q575727
HWNY9ILA,1,0,http://www.wikidata.org/entity/Q1061606
HWNY9ILA,2,0,http://www.wikidata.org/entity/Q380817
HWNY9ILA,1,1,http://www.wikidata.org/entity/Q42891
HWNY9ILA,2,1,http://www.wikidata.org/entity/Q1579
HWNY9ILA,1,2,http://www.wikidata.org/entity/Q602358
HWNY9ILA,2,2,http://www.wikidata.org/entity/Q602358
GICSXOZ8,1,0,http://www.wikidata.org/entity/Q218593
GICSXOZ8,2,0,http://www.wikidata.org/entity/Q218593
NOS8JM8U,1,0,http://www.wikidata.org/entity/Q1702897
NOS8JM8U,2,0,http://www.wikidata.org/entity/Q1628507
REIULX5M,1,0,http://www.wikidata.org/entity/Q17021874
REIULX5M,2,0,http://www.wikidata.org/entity/Q7981531
REIULX5M,1,2,http://www.wikidata.org/entity/Q202088
REIULX5M,2,2,http://www.wikidata.org/entity/Q1930
RPQVB0A5,1,0,http://www.wikidata.org/entity/Q650
RPQVB0A5,2,0,http://www.wikidata.org/entity/Q623
RPQVB0A5,1,1,http://www.wikidata.org/entity/Q722568
RPQVB0A5,2,1,http://www.wikidata.org/entity/Q423901
54TC2JGI,0,0,http://www.wikidata.org/entity/Q218593
54TC2JGI,1,0,http://www.wikidata.org/entity/Q218593
54TC2JGI,2,0,http://www.wikidata.org/entity/Q218593
54TC2JGI,0,1,http://www.wikidata.org/entity/Q54165826
54TC2JGI,1,1,http://www.wikidata.org/entity/Q4645770
54TC2JGI,2,1,http://www.wikidata.org/entity/Q4855967
54TC2JGI,0,2,http://www.wikidata.org/entity/Q53582358
54TC2JGI,1,2,http://www.wikidata.org/entity/Q4546248
54TC2JGI,2,2,http://www.wikidata.org/entity/Q4716548
WUV0SEY5,0,0,http://www.wikidata.org/entity/Q218593
WUV0SEY5,1,0,http://www.wikidata.org/entity/Q6023665
WUV0SEY5,2,0,http://www.wikidata.org/entity/Q3577934
WUV0SEY5,0,1,http://www.wikidata.org/entity/Q218593
WUV0SEY5,1,1,http://www.wikidata.org/entity/Q6608367
WUV0SEY5,2,1,http://www.wikidata.org/entity/Q7885718
WUV0SEY5,0,2,http://www.wikidata.org/entity/Q14877683
WUV0SEY5,1,2,http://www.wikidata.org/entity/Q6608367
WUV0SEY5,2,2,http://www.wikidata.org/entity/Q3299074
WUV0SEY5,0,3,http://www.wikidata.org/entity/Q218593
WUV0SEY5,1,3,http://www.wikidata.org/entity/Q30
WUV0SEY5,2,3,http://www.wikidata.org/entity/Q142
6RSSK6K9,1,0,http://www.wikidata.org/entity/Q12514
6RSSK6K9,2,0,http://www.wikidata.org/entity/Q3375894
2QBKPLKN,1,0,http://www.wikidata.org/entity/Q218593
2QBKPLKN,2,0,http://www.wikidata.org/entity/Q218593
2QBKPLKN,3,0,http://www.wikidata.org/entity/Q218593
2QBKPLKN,1,1,http://www.wikidata.org/entity/Q34993
2QBKPLKN,2,1,http://www.wikidata.org/entity/Q6655
2QBKPLKN,3,1,http://www.wikidata.org/entity/Q83236
2QBKPLKN,1,2,http://www.wikidata.org/entity/Q14641
2QBKPLKN,2,2,http://www.wikidata.org/entity/Q207020
2QBKPLKN,3,2,http://www.wikidata.org/entity/Q17058425
TQV31RRF,1,0,http://www.wikidata.org/entity/Q218593
TQV31RRF,2,0,http://www.wikidata.org/entity/Q218593
TQV31RRF,1,1,http://www.wikidata.org/entity/Q1075
TQV31RRF,2,1,http://www.wikidata.org/entity/Q107715
TQV31RRF,1,2,http://www.wikidata.org/entity/Q7946
TQV31RRF,2,2,http://www.wikidata.org/entity/Q1075
SY0DPKDK,1,0,http://www.wikidata.org/entity/Q756890
SY0DPKDK,2,0,http://www.wikidata.org/entity/Q33438
SY0DPKDK,1,1,http://www.wikidata.org/entity/Q1492
SY0DPKDK,2,1,http://www.wikidata.org/entity/Q72
SY0DPKDK,1,2,http://www.wikidata.org/entity/Q9078436
SY0DPKDK,2,2,http://www.wikidata.org/entity/Q5975415
I5VXHAFU,1,0,http://www.wikidata.org/entity/Q218593
I5VXHAFU,2,0,http://www.wikidata.org/entity/Q218593
I5VXHAFU,1,1,http://www.wikidata.org/entity/Q34178
I5VXHAFU,2,1,http://www.wikidata.org/entity/Q9438
I5VXHAFU,1,2,http://www.wikidata.org/entity/Q77468620
I5VXHAFU,2,2,http://www.wikidata.org/entity/Q446115
X98MVBH8,1,0,http://www.wikidata.org/entity/Q17572283
X98MVBH8,2,0,http://www.wikidata.org/entity/Q15825919
X98MVBH8,1,1,http://www.wikidata.org/entity/Q233283
X98MVBH8,2,1,http://www.wikidata.org/entity/Q19889
09WNG86U,1,0,http://www.wikidata.org/entity/Q49794
09WNG86U,2,0,http://www.wikidata.org/entity/Q30874
09WNG86U,1,1,http://www.wikidata.org/entity/Q7407270
09WNG86U,2,1,http://www.wikidata.org/entity/Q187165
09WNG86U,1,2,http://www.wikidata.org/entity/Q49799
09WNG86U,2,2,http://www.wikidata.org/entity/Q34151
SHHM5MQ9,1,1,http://www.wikidata.org/entity/Q321722
SHHM5MQ9,2,1,http://www.wikidata.org/entity/Q801490
SHHM5MQ9,1,3,http://www.wikidata.org/entity/Q7032
SHHM5MQ9,2,3,http://www.wikidata.org/entity/Q1022
Y5U7T2BO,1,0,http://www.wikidata.org/entity/Q218593
Y5U7T2BO,2,0,http://www.wikidata.org/entity/Q218593
CPAWD9DP,1,0,http://www.wikidata.org/entity/Q10375640
CPAWD9DP,2,0,http://www.wikidata.org/entity/Q10368359
CPAWD9DP,3,0,http://www.wikidata.org/entity/Q10366796
C4VHNN8T,1,0,http://www.wikidata.org/entity/Q218593
C4VHNN8T,2,0,http://www.wikidata.org/entity/Q218593
C4VHNN8T,1,1,http://www.wikidata.org/entity/Q32481621
C4VHNN8T,2,1,http://www.wikidata.org/entity/Q8252002
C4VHNN8T,1,2,http://www.wikidata.org/entity/Q1494645
C4VHNN8T,2,2,http://www.wikidata.org/entity/Q459719
N1AKWQIT,1,0,http://www.wikidata.org/entity/Q218593
N1AKWQIT,2,0,http://www.wikidata.org/entity/Q218593
U25DQHSA,1,0,http://www.wikidata.org/entity/Q44762
U25DQHSA,2,0,http://www.wikidata.org/entity/Q44761
ALEPMKFI,1,0,http://www.wikidata.org/entity/Q508935
ALEPMKFI,2,0,http://www.wikidata.org/entity/Q24226
XH4O45WH,1,0,http://www.wikidata.org/entity/Q218593
XH4O45WH,2,0,http://www.wikidata.org/entity/Q218593
DKRNW9W0,1,0,http://www.wikidata.org/entity/Q218593
DKRNW9W0,2,0,http://www.wikidata.org/entity/Q218593
DKRNW9W0,1,1,http://www.wikidata.org/entity/Q1748955
DKRNW9W0,2,1,http://www.wikidata.org/entity/Q1058700
DKRNW9W0,1,2,http://www.wikidata.org/entity/Q2344528
DKRNW9W0,2,2,http://www.wikidata.org/entity/Q752269
RPPC4F48,1,0,http://www.wikidata.org/entity/Q18085513
RPPC4F48,2,0,http://www.wikidata.org/entity/Q2836023
5QOL31U1,1,0,http://www.wikidata.org/entity/Q5253344
5QOL31U1,2,0,http://www.wikidata.org/entity/Q6489772
5QOL31U1,1,1,http://www.wikidata.org/entity/Q6468691
5QOL31U1,2,1,http://www.wikidata.org/entity/Q803168
O8RYYNIA,1,0,http://www.wikidata.org/entity/Q503102
O8RYYNIA,2,0,http://www.wikidata.org/entity/Q182007
O8RYYNIA,1,1,http://www.wikidata.org/entity/Q500125
O8RYYNIA,2,1,http://www.wikidata.org/entity/Q254799
OVLT0ACT,0,0,http://www.wikidata.org/entity/Q218593
OVLT0ACT,1,0,http://www.wikidata.org/entity/Q218593
OVLT0ACT,2,0,http://www.wikidata.org/entity/Q218593
2GBLG3HN,0,2,http://www.wikidata.org/entity/Q14877683
2GBLG3HN,1,2,http://www.wikidata.org/entity/Q685595
2GBLG3HN,2,2,http://www.wikidata.org/entity/Q655446
PCSQC02A,1,0,http://www.wikidata.org/entity/Q218593
PCSQC02A,2,0,http://www.wikidata.org/entity/Q218593
PCSQC02A,3,0,http://www.wikidata.org/entity/Q218593
PCSQC02A,1,1,http://www.wikidata.org/entity/Q16562829
PCSQC02A,2,1,http://www.wikidata.org/entity/Q60679241
PCSQC02A,3,1,http://www.wikidata.org/entity/Q452011
PCSQC02A,1,2,http://www.wikidata.org/entity/Q16562829
PCSQC02A,2,2,http://www.wikidata.org/entity/Q60679241
PCSQC02A,3,2,http://www.wikidata.org/entity/Q452011
DI30VI4G,1,0,http://www.wikidata.org/entity/Q218593
DI30VI4G,2,0,http://www.wikidata.org/entity/Q218593
DI30VI4G,3,0,http://www.wikidata.org/entity/Q218593
WOL0EDZ9,1,0,http://www.wikidata.org/entity/Q218593
WOL0EDZ9,2,0,http://www.wikidata.org/entity/Q218593
WOL0EDZ9,1,1,http://www.wikidata.org/entity/Q55552644
WOL0EDZ9,2,1,http://www.wikidata.org/entity/Q5060484
WOL0EDZ9,1,2,http://www.wikidata.org/entity/Q35798
WOL0EDZ9,2,2,http://www.wikidata.org/entity/Q515716
0UMSK1IA,1,0,http://www.wikidata.org/entity/Q218593
0UMSK1IA,2,0,http://www.wikidata.org/entity/Q218593
0UMSK1IA,3,0,http://www.wikidata.org/entity/Q218593
0UMSK1IA,1,1,http://www.wikidata.org/entity/Q853475
0UMSK1IA,2,1,http://www.wikidata.org/entity/Q199821
0UMSK1IA,3,1,http://www.wikidata.org/entity/Q739
0UMSK1IA,1,2,http://www.wikidata.org/entity/Q52010602
0UMSK1IA,2,2,http://www.wikidata.org/entity/Q227
0UMSK1IA,3,2,http://www.wikidata.org/entity/Q227
96QM3IA7,1,0,http://www.wikidata.org/entity/Q218593
96QM3IA7,2,0,http://www.wikidata.org/entity/Q218593
8MWJ61CJ,0,0,http://www.wikidata.org/entity/Q1818899
8MWJ61CJ,1,0,http://www.wikidata.org/entity/Q17033233
8MWJ61CJ,2,0,http://www.wikidata.org/entity/Q19874179
8MWJ61CJ,0,1,http://www.wikidata.org/entity/Q218593
8MWJ61CJ,1,1,http://www.wikidata.org/entity/Q624232
8MWJ61CJ,2,1,http://www.wikidata.org/entity/Q15700834
8MWJ61CJ,0,2,http://www.wikidata.org/entity/Q14877683
8MWJ61CJ,1,2,http://www.wikidata.org/entity/Q9212
8MWJ61CJ,2,2,http://www.wikidata.org/entity/Q7373696
KM56BT66,1,0,http://www.wikidata.org/entity/Q120730
KM56BT66,2,0,http://www.wikidata.org/entity/Q81863
MOW8GIVO,1,0,http://www.wikidata.org/entity/Q218593
MOW8GIVO,2,0,http://www.wikidata.org/entity/Q218593
MOW8GIVO,3,0,http://www.wikidata.org/entity/Q218593
CDM11SHU,1,0,http://www.wikidata.org/entity/Q5136249
CDM11SHU,2,0,http://www.wikidata.org/entity/Q5136145
CDM11SHU,1,1,http://www.wikidata.org/entity/Q2736
CDM11SHU,2,1,http://www.wikidata.org/entity/Q2736
CDM11SHU,1,2,http://www.wikidata.org/entity/Q2677927
CDM11SHU,2,2,http://www.wikidata.org/entity/Q1030194
5WROC2TJ,1,0,http://www.wikidata.org/entity/Q218593
5WROC2TJ,2,0,http://www.wikidata.org/entity/Q218593
CCB3LNNJ,1,0,http://www.wikidata.org/entity/Q2153831
CCB3LNNJ,2,0,http://www.wikidata.org/entity/Q4382268
CCB3LNNJ,1,1,http://www.wikidata.org/entity/Q2094098
CCB3LNNJ,2,1,http://www.wikidata.org/entity/Q1336200
Q9Y1IIJA,1,0,http://www.wikidata.org/entity/Q2030287
Q9Y1IIJA,2,0,http://www.wikidata.org/entity/Q2003809
SV7SNLAZ,1,0,http://www.wikidata.org/entity/Q1046223
SV7SNLAZ,2,0,http://www.wikidata.org/entity/Q1589947
SV7SNLAZ,1,1,http://www.wikidata.org/entity/Q502163
SV7SNLAZ,2,1,http://www.wikidata.org/entity/Q277466
TYJDORHC,1,0,http://www.wikidata.org/entity/Q218593
TYJDORHC,2,0,http://www.wikidata.org/entity/Q218593
TYJDORHC,1,1,http://www.wikidata.org/entity/Q26971668
TYJDORHC,2,1,http://www.wikidata.org/entity/Q2998064
TYJDORHC,1,2,http://www.wikidata.org/entity/Q26971668
TYJDORHC,2,2,http://www.wikidata.org/entity/Q2091947
1A740RFR,1,0,http://www.wikidata.org/entity/Q83804753
1A740RFR,2,0,http://www.wikidata.org/entity/Q1302945
1A740RFR,1,2,http://www.wikidata.org/entity/Q1702354
1A740RFR,2,2,http://www.wikidata.org/entity/Q23047469
PXBA5WDQ,1,0,http://www.wikidata.org/entity/Q218593
PXBA5WDQ,2,0,http://www.wikidata.org/entity/Q218593
PXBA5WDQ,1,1,http://www.wikidata.org/entity/Q929459
PXBA5WDQ,2,1,http://www.wikidata.org/entity/Q3482590
PXBA5WDQ,1,2,http://www.wikidata.org/entity/Q67205775
PXBA5WDQ,2,2,http://www.wikidata.org/entity/Q179294
VPVOC1V2,1,0,http://www.wikidata.org/entity/Q218593
VPVOC1V2,2,0,http://www.wikidata.org/entity/Q218593
E2JDF28U,1,0,http://www.wikidata.org/entity/Q5687
E2JDF28U,2,0,http://www.wikidata.org/entity/Q7697543
PEPNFIHJ,1,0,http://www.wikidata.org/entity/Q17117440
PEPNFIHJ,2,0,http://www.wikidata.org/entity/Q11871326
PEPNFIHJ,1,1,http://www.wikidata.org/entity/Q18469458
PEPNFIHJ,2,1,http://www.wikidata.org/entity/Q388310
PEPNFIHJ,1,2,http://www.wikidata.org/entity/Q220979
PEPNFIHJ,2,2,http://www.wikidata.org/entity/Q220979
L6UCBZOH,1,0,http://www.wikidata.org/entity/Q218593
L6UCBZOH,2,0,http://www.wikidata.org/entity/Q218593
L6UCBZOH,3,0,http://www.wikidata.org/entity/Q218593
KSFDP4V0,1,0,http://www.wikidata.org/entity/Q5700625
KSFDP4V0,2,0,http://www.wikidata.org/entity/Q1939966
KSFDP4V0,1,1,http://www.wikidata.org/entity/Q165715
KSFDP4V0,2,1,http://www.wikidata.org/entity/Q2515136
RF7F3XM2,1,0,http://www.wikidata.org/entity/Q218593
RF7F3XM2,2,0,http://www.wikidata.org/entity/Q218593
RF7F3XM2,1,1,http://www.wikidata.org/entity/Q5367
RF7F3XM2,2,1,http://www.wikidata.org/entity/Q3774883
RF7F3XM2,1,2,http://www.wikidata.org/entity/Q5367
RF7F3XM2,2,2,http://www.wikidata.org/entity/Q850292
4Y1LFSC0,1,0,http://www.wikidata.org/entity/Q218593
4Y1LFSC0,2,0,http://www.wikidata.org/entity/Q218593
4Y1LFSC0,3,0,http://www.wikidata.org/entity/Q218593
4Y1LFSC0,4,0,http://www.wikidata.org/entity/Q218593
4Y1LFSC0,1,1,http://www.wikidata.org/entity/Q10387684
4Y1LFSC0,2,1,http://www.wikidata.org/entity/Q202560
4Y1LFSC0,3,1,http://www.wikidata.org/entity/Q677
4Y1LFSC0,4,1,http://www.wikidata.org/entity/Q142
4Y1LFSC0,1,2,http://www.wikidata.org/entity/Q10387684
4Y1LFSC0,2,2,http://www.wikidata.org/entity/Q188780
4Y1LFSC0,3,2,http://www.wikidata.org/entity/Q287
4Y1LFSC0,4,2,http://www.wikidata.org/entity/Q142
HLF409VQ,1,0,http://www.wikidata.org/entity/Q218593
HLF409VQ,2,0,http://www.wikidata.org/entity/Q218593
HLF409VQ,3,0,http://www.wikidata.org/entity/Q218593
ODPLFZ6C,1,0,http://www.wikidata.org/entity/Q6046693
ODPLFZ6C,2,0,http://www.wikidata.org/entity/Q21485541
ODPLFZ6C,1,1,http://www.wikidata.org/entity/Q1973
ODPLFZ6C,2,1,http://www.wikidata.org/entity/Q21590062
L6NP2KV8,1,0,http://www.wikidata.org/entity/Q1018882
L6NP2KV8,2,0,http://www.wikidata.org/entity/Q935545
DIIND9UF,1,0,http://www.wikidata.org/entity/Q1637189
DIIND9UF,2,0,http://www.wikidata.org/entity/Q934877
F6C0TD7P,1,0,http://www.wikidata.org/entity/Q1383955
F6C0TD7P,2,0,http://www.wikidata.org/entity/Q1513996
F6C0TD7P,1,1,http://www.wikidata.org/entity/Q1514001
F6C0TD7P,2,1,http://www.wikidata.org/entity/Q1513999
F6C0TD7P,1,2,http://www.wikidata.org/entity/Q7291
F6C0TD7P,2,2,http://www.wikidata.org/entity/Q7291
QSVN9W94,1,0,http://www.wikidata.org/entity/Q218593
QSVN9W94,2,0,http://www.wikidata.org/entity/Q218593
QSVN9W94,1,1,http://www.wikidata.org/entity/Q23638538
QSVN9W94,2,1,http://www.wikidata.org/entity/Q67814352
QSVN9W94,1,2,http://www.wikidata.org/entity/Q385405
QSVN9W94,2,2,http://www.wikidata.org/entity/Q1984245
0PHI00BL,1,0,http://www.wikidata.org/entity/Q218593
0PHI00BL,2,0,http://www.wikidata.org/entity/Q218593
MO14N8DW,1,0,http://www.wikidata.org/entity/Q85524040
MO14N8DW,2,0,http://www.wikidata.org/entity/Q85273427
DNZUL6SR,1,0,http://www.wikidata.org/entity/Q31203244
DNZUL6SR,2,0,http://www.wikidata.org/entity/Q30525498
SY06ND0O,1,0,http://www.wikidata.org/entity/Q19879408
SY06ND0O,2,0,http://www.wikidata.org/entity/Q16851824
SY06ND0O,1,2,http://www.wikidata.org/entity/Q24191504
SY06ND0O,2,2,http://www.wikidata.org/entity/Q6314180
MB3AZLUT,1,0,http://www.wikidata.org/entity/Q4599216
MB3AZLUT,2,0,http://www.wikidata.org/entity/Q4597954
MB3AZLUT,1,2,http://www.wikidata.org/entity/Q4600620
MB3AZLUT,2,2,http://www.wikidata.org/entity/Q4599216
D1551SQW,1,0,http://www.wikidata.org/entity/Q27791998
D1551SQW,2,0,http://www.wikidata.org/entity/Q27876724
D1551SQW,1,2,http://www.wikidata.org/entity/Q175
D1551SQW,2,2,http://www.wikidata.org/entity/Q175
OJP797TQ,1,0,http://www.wikidata.org/entity/Q2667851
OJP797TQ,2,0,http://www.wikidata.org/entity/Q2563840
EF44WE57,1,0,http://www.wikidata.org/entity/Q218593
EF44WE57,2,0,http://www.wikidata.org/entity/Q218593
QUVE25Y9,1,0,http://www.wikidata.org/entity/Q947143
QUVE25Y9,2,0,http://www.wikidata.org/entity/Q5904
0R6SPHNH,1,0,http://www.wikidata.org/entity/Q171629
0R6SPHNH,2,0,http://www.wikidata.org/entity/Q171785
0R6SPHNH,1,1,http://www.wikidata.org/entity/Q173099
0R6SPHNH,2,1,http://www.wikidata.org/entity/Q1489
0R6SPHNH,1,3,http://www.wikidata.org/entity/Q3137
0R6SPHNH,2,3,http://www.wikidata.org/entity/Q3128
54A5TUES,1,0,http://www.wikidata.org/entity/Q218593
54A5TUES,2,0,http://www.wikidata.org/entity/Q218593
54A5TUES,1,1,http://www.wikidata.org/entity/Q328539
54A5TUES,2,1,http://www.wikidata.org/entity/Q324257
54A5TUES,1,2,http://www.wikidata.org/entity/Q328539
54A5TUES,2,2,http://www.wikidata.org/entity/Q324257
ZS1R32BT,1,0,http://www.wikidata.org/entity/Q18768112
ZS1R32BT,2,0,http://www.wikidata.org/entity/Q18008283
I6B9E39Z,1,0,http://www.wikidata.org/entity/Q218593
I6B9E39Z,2,0,http://www.wikidata.org/entity/Q218593
I6B9E39Z,1,1,http://www.wikidata.org/entity/Q48320
I6B9E39Z,2,1,http://www.wikidata.org/entity/Q1543757
I6B9E39Z,1,2,http://www.wikidata.org/entity/Q1490
I6B9E39Z,2,2,http://www.wikidata.org/entity/Q28056780
1HCYUNQA,1,0,http://www.wikidata.org/entity/Q218593
1HCYUNQA,2,0,http://www.wikidata.org/entity/Q218593
1HCYUNQA,1,1,http://www.wikidata.org/entity/Q466977
1HCYUNQA,2,1,http://www.wikidata.org/entity/Q493064
1HCYUNQA,1,2,http://www.wikidata.org/entity/Q466977
1HCYUNQA,2,2,http://www.wikidata.org/entity/Q46626700
WSDJC1IW,1,0,http://www.wikidata.org/entity/Q12154902
WSDJC1IW,2,0,http://www.wikidata.org/entity/Q1154782
WSDJC1IW,1,1,http://www.wikidata.org/entity/Q774515
WSDJC1IW,2,1,http://www.wikidata.org/entity/Q2657718
WSDJC1IW,1,2,http://www.wikidata.org/entity/Q12086575
WSDJC1IW,2,2,http://www.wikidata.org/entity/Q544617
QKBN04TG,1,0,http://www.wikidata.org/entity/Q218593
QKBN04TG,2,0,http://www.wikidata.org/entity/Q218593
GWHR44DZ,1,0,http://www.wikidata.org/entity/Q218593
GWHR44DZ,2,0,http://www.wikidata.org/entity/Q218593
GWHR44DZ,1,1,http://www.wikidata.org/entity/Q193321
GWHR44DZ,2,1,http://www.wikidata.org/entity/Q14579
GWHR44DZ,1,2,http://www.wikidata.org/entity/Q55693425
GWHR44DZ,2,2,http://www.wikidata.org/entity/Q86169074
KV3LAMRM,1,0,http://www.wikidata.org/entity/Q3593518
KV3LAMRM,2,0,http://www.wikidata.org/entity/Q1232094
KV3LAMRM,1,1,http://www.wikidata.org/entity/Q6655
KV3LAMRM,2,1,http://www.wikidata.org/entity/Q6655
XTZD5QSU,1,0,http://www.wikidata.org/entity/Q379660
XTZD5QSU,2,0,http://www.wikidata.org/entity/Q379657
XTZD5QSU,1,1,http://www.wikidata.org/entity/Q2086913
XTZD5QSU,2,1,http://www.wikidata.org/entity/Q2086913
ZF8FU0NY,1,0,http://www.wikidata.org/entity/Q218593
ZF8FU0NY,2,0,http://www.wikidata.org/entity/Q218593
ZF8FU0NY,1,1,http://www.wikidata.org/entity/Q2802000
ZF8FU0NY,2,1,http://www.wikidata.org/entity/Q2888877
ZF8FU0NY,1,2,http://www.wikidata.org/entity/Q56274051
ZF8FU0NY,2,2,http://www.wikidata.org/entity/Q219538
UWTN9EPP,1,0,http://www.wikidata.org/entity/Q2639061
UWTN9EPP,2,0,http://www.wikidata.org/entity/Q2402433
UWTN9EPP,1,2,http://www.wikidata.org/entity/Q2409784
UWTN9EPP,2,2,http://www.wikidata.org/entity/Q2365252
YW6LFYUE,1,0,http://www.wikidata.org/entity/Q218593
YW6LFYUE,2,0,http://www.wikidata.org/entity/Q218593
D2TM9RIM,1,0,http://www.wikidata.org/entity/Q218593
D2TM9RIM,2,0,http://www.wikidata.org/entity/Q218593
D2TM9RIM,3,0,http://www.wikidata.org/entity/Q218593
XRD5WLMG,1,0,http://www.wikidata.org/entity/Q218593
XRD5WLMG,2,0,http://www.wikidata.org/entity/Q218593
XRD5WLMG,3,0,http://www.wikidata.org/entity/Q218593
R9UJ523W,1,0,http://www.wikidata.org/entity/Q2891278
R9UJ523W,2,0,http://www.wikidata.org/entity/Q3086672
R9UJ523W,1,1,http://www.wikidata.org/entity/Q6723
R9UJ523W,2,1,http://www.wikidata.org/entity/Q6723
R9UJ523W,1,2,http://www.wikidata.org/entity/Q188781
R9UJ523W,2,2,http://www.wikidata.org/entity/Q83241
V1PTEBD4,1,0,http://www.wikidata.org/entity/Q218593
V1PTEBD4,2,0,http://www.wikidata.org/entity/Q218593
V1PTEBD4,3,0,http://www.wikidata.org/entity/Q218593
XJ9DW8I6,1,0,http://www.wikidata.org/entity/Q18883126
XJ9DW8I6,2,0,http://www.wikidata.org/entity/Q18883123
XJ9DW8I6,3,0,http://www.wikidata.org/entity/Q18883121
33GN0EOJ,1,0,http://www.wikidata.org/entity/Q218593
33GN0EOJ,2,0,http://www.wikidata.org/entity/Q218593
33GN0EOJ,3,0,http://www.wikidata.org/entity/Q218593
567HTRSM,0,0,http://www.wikidata.org/entity/Q218593
567HTRSM,1,0,http://www.wikidata.org/entity/Q2297167
567HTRSM,2,0,http://www.wikidata.org/entity/Q978610
567HTRSM,0,1,http://www.wikidata.org/entity/Q218593
567HTRSM,1,1,http://www.wikidata.org/entity/Q82610
567HTRSM,2,1,http://www.wikidata.org/entity/Q82610
567HTRSM,0,2,http://www.wikidata.org/entity/Q14877683
567HTRSM,1,2,http://www.wikidata.org/entity/Q11220
567HTRSM,2,2,http://www.wikidata.org/entity/Q11220
567HTRSM,0,3,http://www.wikidata.org/entity/Q218593
567HTRSM,1,3,http://www.wikidata.org/entity/Q1142489
567HTRSM,2,3,http://www.wikidata.org/entity/Q1142489
91C2MGLK,1,0,http://www.wikidata.org/entity/Q218593
91C2MGLK,2,0,http://www.wikidata.org/entity/Q218593
91C2MGLK,3,0,http://www.wikidata.org/entity/Q218593
5Y9AKBK1,1,0,http://www.wikidata.org/entity/Q43122091
5Y9AKBK1,2,0,http://www.wikidata.org/entity/Q1477880
FJ7Q9D3W,1,0,http://www.wikidata.org/entity/Q1373644
FJ7Q9D3W,2,0,http://www.wikidata.org/entity/Q3976873
FJ7Q9D3W,1,1,http://www.wikidata.org/entity/Q3014183
FJ7Q9D3W,2,1,http://www.wikidata.org/entity/Q5534340
FJ7Q9D3W,1,2,http://www.wikidata.org/entity/Q667661
FJ7Q9D3W,2,2,http://www.wikidata.org/entity/Q131539
DGXDLKW9,0,0,http://www.wikidata.org/entity/Q218593
DGXDLKW9,1,0,http://www.wikidata.org/entity/Q643660
DGXDLKW9,2,0,http://www.wikidata.org/entity/Q591412
DGXDLKW9,0,2,http://www.wikidata.org/entity/Q14877683
DGXDLKW9,1,2,http://www.wikidata.org/entity/Q268628
DGXDLKW9,2,2,http://www.wikidata.org/entity/Q213116
DGXDLKW9,0,4,http://www.wikidata.org/entity/Q7860610
DGXDLKW9,1,4,http://www.wikidata.org/entity/Q2736
DGXDLKW9,2,4,http://www.wikidata.org/entity/Q2736
1XSMBEOD,1,0,http://www.wikidata.org/entity/Q3070185
1XSMBEOD,2,0,http://www.wikidata.org/entity/Q3070182
1XSMBEOD,1,1,http://www.wikidata.org/entity/Q3070183
1XSMBEOD,2,1,http://www.wikidata.org/entity/Q3070180
930PUHND,1,0,http://www.wikidata.org/entity/Q81949
930PUHND,2,0,http://www.wikidata.org/entity/Q659516
930PUHND,1,2,http://www.wikidata.org/entity/Q64124
930PUHND,2,2,http://www.wikidata.org/entity/Q1020776
Y6L3ZDN5,1,0,http://www.wikidata.org/entity/Q218593
Y6L3ZDN5,2,0,http://www.wikidata.org/entity/Q218593
Y6L3ZDN5,3,0,http://www.wikidata.org/entity/Q218593
UFAA7QQC,1,0,http://www.wikidata.org/entity/Q279745
UFAA7QQC,2,0,http://www.wikidata.org/entity/Q246986
95WCTZX3,1,0,http://www.wikidata.org/entity/Q1280666
95WCTZX3,2,0,http://www.wikidata.org/entity/Q1269925
95WCTZX3,1,1,http://www.wikidata.org/entity/Q1065893
95WCTZX3,2,1,http://www.wikidata.org/entity/Q274245
YMZZJ120,1,0,http://www.wikidata.org/entity/Q218593
YMZZJ120,2,0,http://www.wikidata.org/entity/Q218593
D7QT8XNX,1,0,http://www.wikidata.org/entity/Q28375271
D7QT8XNX,2,0,http://www.wikidata.org/entity/Q2100730
5SFOBVJG,0,0,http://www.wikidata.org/entity/Q1818899
5SFOBVJG,1,0,http://www.wikidata.org/entity/Q917429
5SFOBVJG,2,0,http://www.wikidata.org/entity/Q156684
5SFOBVJG,0,2,http://www.wikidata.org/entity/Q14877683
5SFOBVJG,1,2,http://www.wikidata.org/entity/Q1778838
5SFOBVJG,2,2,http://www.wikidata.org/entity/Q1502747
PW147B34,1,0,http://www.wikidata.org/entity/Q218593
PW147B34,2,0,http://www.wikidata.org/entity/Q218593
PW147B34,3,0,http://www.wikidata.org/entity/Q218593
PW147B34,1,1,http://www.wikidata.org/entity/Q1061635
PW147B34,2,1,http://www.wikidata.org/entity/Q1406
PW147B34,3,1,http://www.wikidata.org/entity/Q1713118
PW147B34,1,2,http://www.wikidata.org/entity/Q336
PW147B34,2,2,http://www.wikidata.org/entity/Q14579
PW147B34,3,2,http://www.wikidata.org/entity/Q182933
OPCT5R6F,1,0,http://www.wikidata.org/entity/Q42311029
OPCT5R6F,2,0,http://www.wikidata.org/entity/Q2353889
OPCT5R6F,1,2,http://www.wikidata.org/entity/Q1585668
OPCT5R6F,2,2,http://www.wikidata.org/entity/Q1491836
CG2BC1ON,1,0,http://www.wikidata.org/entity/Q471969
CG2BC1ON,2,0,http://www.wikidata.org/entity/Q12208
77P70LTJ,1,0,http://www.wikidata.org/entity/Q5062335
77P70LTJ,2,0,http://www.wikidata.org/entity/Q3214403
77P70LTJ,1,1,http://www.wikidata.org/entity/Q280413
77P70LTJ,2,1,http://www.wikidata.org/entity/Q280413
77P70LTJ,1,2,http://www.wikidata.org/entity/Q29033372
77P70LTJ,2,2,http://www.wikidata.org/entity/Q16560023
H8R87M2V,1,0,http://www.wikidata.org/entity/Q218593
H8R87M2V,2,0,http://www.wikidata.org/entity/Q218593
TQ9NX5DC,1,0,http://www.wikidata.org/entity/Q797
TQ9NX5DC,2,0,http://www.wikidata.org/entity/Q782
KYUYM35O,1,0,http://www.wikidata.org/entity/Q218593
KYUYM35O,2,0,http://www.wikidata.org/entity/Q218593
KYUYM35O,1,1,http://www.wikidata.org/entity/Q5175058
KYUYM35O,2,1,http://www.wikidata.org/entity/Q7063280
KYUYM35O,1,2,http://www.wikidata.org/entity/Q1370665
KYUYM35O,2,2,http://www.wikidata.org/entity/Q1023214
3TD4PM94,1,0,http://www.wikidata.org/entity/Q218593
3TD4PM94,2,0,http://www.wikidata.org/entity/Q218593
QDEIQCVQ,1,0,http://www.wikidata.org/entity/Q60964473
QDEIQCVQ,2,0,http://www.wikidata.org/entity/Q60963675
XAKZAMHS,1,0,http://www.wikidata.org/entity/Q1003652
XAKZAMHS,2,0,http://www.wikidata.org/entity/Q1003635
XAKZAMHS,1,2,http://www.wikidata.org/entity/Q1003650
XAKZAMHS,2,2,http://www.wikidata.org/entity/Q1003628
R15RKIHP,1,0,http://www.wikidata.org/entity/Q1013353
R15RKIHP,2,0,http://www.wikidata.org/entity/Q774464
R15RKIHP,1,1,http://www.wikidata.org/entity/Q14545628
R15RKIHP,2,1,http://www.wikidata.org/entity/Q14545628
ZV5I1XYL,1,0,http://www.wikidata.org/entity/Q595242
ZV5I1XYL,2,0,http://www.wikidata.org/entity/Q171867
ZV5I1XYL,1,1,http://www.wikidata.org/entity/Q69118
ZV5I1XYL,2,1,http://www.wikidata.org/entity/Q62608
ZUNC82EB,1,0,http://www.wikidata.org/entity/Q10659253
ZUNC82EB,2,0,http://www.wikidata.org/entity/Q9021525
4LQCMJGL,1,0,http://www.wikidata.org/entity/Q942240
4LQCMJGL,2,0,http://www.wikidata.org/entity/Q1905694
4LQCMJGL,1,1,http://www.wikidata.org/entity/Q2786871
4LQCMJGL,2,1,http://www.wikidata.org/entity/Q2102488
86GABVZ4,1,0,http://www.wikidata.org/entity/Q66089902
86GABVZ4,2,0,http://www.wikidata.org/entity/Q66089900
86GABVZ4,1,1,http://www.wikidata.org/entity/Q11072216
86GABVZ4,2,1,http://www.wikidata.org/entity/Q11072216
86GABVZ4,1,2,http://www.wikidata.org/entity/Q43113623
86GABVZ4,2,2,http://www.wikidata.org/entity/Q43113623
ECZYH1B4,1,0,http://www.wikidata.org/entity/Q218593
ECZYH1B4,2,0,http://www.wikidata.org/entity/Q218593
ECZYH1B4,1,1,http://www.wikidata.org/entity/Q741258
ECZYH1B4,2,1,http://www.wikidata.org/entity/Q726
ECZYH1B4,1,2,http://www.wikidata.org/entity/Q240658
ECZYH1B4,2,2,http://www.wikidata.org/entity/Q182154
ECZYH1B4,1,3,http://www.wikidata.org/entity/Q115541
ECZYH1B4,2,3,http://www.wikidata.org/entity/Q182154
VTS904PS,1,0,http://www.wikidata.org/entity/Q218593
VTS904PS,2,0,http://www.wikidata.org/entity/Q218593
VTS904PS,3,0,http://www.wikidata.org/entity/Q218593
VTS904PS,1,1,http://www.wikidata.org/entity/Q41508
VTS904PS,2,1,http://www.wikidata.org/entity/Q29
VTS904PS,3,1,http://www.wikidata.org/entity/Q753075
VTS904PS,1,2,http://www.wikidata.org/entity/Q351891
VTS904PS,2,2,http://www.wikidata.org/entity/Q9027
VTS904PS,3,2,http://www.wikidata.org/entity/Q653726
VC79HSHP,1,0,http://www.wikidata.org/entity/Q237874
VC79HSHP,2,0,http://www.wikidata.org/entity/Q242977
VC79HSHP,3,0,http://www.wikidata.org/entity/Q244618
VC79HSHP,1,1,http://www.wikidata.org/entity/Q239844
VC79HSHP,2,1,http://www.wikidata.org/entity/Q236781
VC79HSHP,3,1,http://www.wikidata.org/entity/Q236419
X1DT4EJC,1,0,http://www.wikidata.org/entity/Q218593
X1DT4EJC,2,0,http://www.wikidata.org/entity/Q218593
NL30AKMU,1,0,http://www.wikidata.org/entity/Q218593
NL30AKMU,2,0,http://www.wikidata.org/entity/Q218593
NL30AKMU,1,1,http://www.wikidata.org/entity/Q59168077
NL30AKMU,2,1,http://www.wikidata.org/entity/Q7373223
NL30AKMU,1,2,http://www.wikidata.org/entity/Q40096
NL30AKMU,2,2,http://www.wikidata.org/entity/Q5928
YJ8PK9BC,1,0,http://www.wikidata.org/entity/Q218593
YJ8PK9BC,2,0,http://www.wikidata.org/entity/Q218593
YJ8PK9BC,1,1,http://www.wikidata.org/entity/Q14659
YJ8PK9BC,2,1,http://www.wikidata.org/entity/Q25057
YJ8PK9BC,1,2,http://www.wikidata.org/entity/Q1288250
YJ8PK9BC,2,2,http://www.wikidata.org/entity/Q27
DNJDJ0YY,1,0,http://www.wikidata.org/entity/Q218593
DNJDJ0YY,2,0,http://www.wikidata.org/entity/Q218593
ATRP32AY,1,0,http://www.wikidata.org/entity/Q171904
ATRP32AY,2,0,http://www.wikidata.org/entity/Q221301
ATRP32AY,1,1,http://www.wikidata.org/entity/Q69387
ATRP32AY,2,1,http://www.wikidata.org/entity/Q69047
ATRP32AY,1,2,http://www.wikidata.org/entity/Q142
ATRP32AY,2,2,http://www.wikidata.org/entity/Q142
ATRP32AY,1,3,http://www.wikidata.org/entity/Q171424
ATRP32AY,2,3,http://www.wikidata.org/entity/Q171424
X9NL2EXZ,1,0,http://www.wikidata.org/entity/Q218593
X9NL2EXZ,2,0,http://www.wikidata.org/entity/Q218593
O34UUFJA,1,0,http://www.wikidata.org/entity/Q218593
O34UUFJA,2,0,http://www.wikidata.org/entity/Q218593
O34UUFJA,1,1,http://www.wikidata.org/entity/Q34636
O34UUFJA,2,1,http://www.wikidata.org/entity/Q2065736
O34UUFJA,1,2,http://www.wikidata.org/entity/Q176483
O34UUFJA,2,2,http://www.wikidata.org/entity/Q10387684
DN7S8E8U,1,0,http://www.wikidata.org/entity/Q218593
DN7S8E8U,2,0,http://www.wikidata.org/entity/Q218593
DN7S8E8U,1,1,http://www.wikidata.org/entity/Q1479784
DN7S8E8U,2,1,http://www.wikidata.org/entity/Q579854
DN7S8E8U,1,2,http://www.wikidata.org/entity/Q2878357
DN7S8E8U,2,2,http://www.wikidata.org/entity/Q18438669
BW1SI608,1,0,http://www.wikidata.org/entity/Q2025083
BW1SI608,2,0,http://www.wikidata.org/entity/Q2025054
AP0SWW5I,1,0,http://www.wikidata.org/entity/Q1753254
AP0SWW5I,2,0,http://www.wikidata.org/entity/Q1425645
AP0SWW5I,1,1,http://www.wikidata.org/entity/Q3537922
AP0SWW5I,2,1,http://www.wikidata.org/entity/Q3488204
AP0SWW5I,1,2,http://www.wikidata.org/entity/Q1999572
AP0SWW5I,2,2,http://www.wikidata.org/entity/Q1999572
VTRN1JGS,1,0,http://www.wikidata.org/entity/Q218593
VTRN1JGS,2,0,http://www.wikidata.org/entity/Q218593
VTRN1JGS,1,1,http://www.wikidata.org/entity/Q167
VTRN1JGS,2,1,http://www.wikidata.org/entity/Q155907
VTRN1JGS,1,2,http://www.wikidata.org/entity/Q29539
VTRN1JGS,2,2,http://www.wikidata.org/entity/Q122366
PTKYUH5U,1,0,http://www.wikidata.org/entity/Q218593
PTKYUH5U,2,0,http://www.wikidata.org/entity/Q218593
36JL1BXS,1,0,http://www.wikidata.org/entity/Q218593
36JL1BXS,2,0,http://www.wikidata.org/entity/Q218593
36JL1BXS,1,1,http://www.wikidata.org/entity/Q917562
36JL1BXS,2,1,http://www.wikidata.org/entity/Q1125499
36JL1BXS,1,2,http://www.wikidata.org/entity/Q917562
36JL1BXS,2,2,http://www.wikidata.org/entity/Q1125499
J0QQILBE,1,0,http://www.wikidata.org/entity/Q996094
J0QQILBE,2,0,http://www.wikidata.org/entity/Q888749
YUS6N7C4,1,0,http://www.wikidata.org/entity/Q17300300
YUS6N7C4,2,0,http://www.wikidata.org/entity/Q17493245
YUS6N7C4,1,1,http://www.wikidata.org/entity/Q17297633
YUS6N7C4,2,1,http://www.wikidata.org/entity/Q17297633
WRBKWP6J,1,0,http://www.wikidata.org/entity/Q461
WRBKWP6J,2,0,http://www.wikidata.org/entity/Q907311
TAD5AWQF,1,0,http://www.wikidata.org/entity/Q218593
TAD5AWQF,2,0,http://www.wikidata.org/entity/Q218593
TAD5AWQF,3,0,http://www.wikidata.org/entity/Q218593
TAD5AWQF,1,1,http://www.wikidata.org/entity/Q60995
TAD5AWQF,2,1,http://www.wikidata.org/entity/Q60995
TAD5AWQF,3,1,http://www.wikidata.org/entity/Q8346700
TAD5AWQF,1,2,http://www.wikidata.org/entity/Q188814
TAD5AWQF,2,2,http://www.wikidata.org/entity/Q288065
TAD5AWQF,3,2,http://www.wikidata.org/entity/Q3323436
15UPLCSW,1,0,http://www.wikidata.org/entity/Q218593
15UPLCSW,2,0,http://www.wikidata.org/entity/Q218593
PV5N9WQ2,1,0,http://www.wikidata.org/entity/Q218593
PV5N9WQ2,2,0,http://www.wikidata.org/entity/Q218593
CQIG14U5,1,0,http://www.wikidata.org/entity/Q66478420
CQIG14U5,2,0,http://www.wikidata.org/entity/Q66477279
CQIG14U5,1,1,http://www.wikidata.org/entity/Q60346
CQIG14U5,2,1,http://www.wikidata.org/entity/Q60346
VOQDO163,1,0,http://www.wikidata.org/entity/Q110325
VOQDO163,2,0,http://www.wikidata.org/entity/Q110187
7VQRKWF6,1,0,http://www.wikidata.org/entity/Q218593
7VQRKWF6,2,0,http://www.wikidata.org/entity/Q218593
0TXRVPZA,0,0,http://www.wikidata.org/entity/Q218593
0TXRVPZA,1,0,http://www.wikidata.org/entity/Q996954
0TXRVPZA,2,0,http://www.wikidata.org/entity/Q729477
0TXRVPZA,0,1,http://www.wikidata.org/entity/Q60960
0TXRVPZA,1,1,http://www.wikidata.org/entity/Q864897
0TXRVPZA,2,1,http://www.wikidata.org/entity/Q2912397
0TXRVPZA,0,2,http://www.wikidata.org/entity/Q14877683
0TXRVPZA,1,2,http://www.wikidata.org/entity/Q838284
0TXRVPZA,2,2,http://www.wikidata.org/entity/Q12549
Z7DQMDYA,1,0,http://www.wikidata.org/entity/Q218593
Z7DQMDYA,2,0,http://www.wikidata.org/entity/Q218593
Z7DQMDYA,3,0,http://www.wikidata.org/entity/Q218593
W133CO9K,1,0,http://www.wikidata.org/entity/Q21814482
W133CO9K,2,0,http://www.wikidata.org/entity/Q21814474
0DYRKX3V,1,0,http://www.wikidata.org/entity/Q218593
0DYRKX3V,2,0,http://www.wikidata.org/entity/Q218593
0DYRKX3V,1,1,http://www.wikidata.org/entity/Q10375927
0DYRKX3V,2,1,http://www.wikidata.org/entity/Q11453854
0DYRKX3V,1,2,http://www.wikidata.org/entity/Q10367791
0DYRKX3V,2,2,http://www.wikidata.org/entity/Q11535358
N74NI5N0,1,0,http://www.wikidata.org/entity/Q218593
N74NI5N0,2,0,http://www.wikidata.org/entity/Q218593
N74NI5N0,1,1,http://www.wikidata.org/entity/Q6427766
N74NI5N0,2,1,http://www.wikidata.org/entity/Q24919635
N74NI5N0,1,2,http://www.wikidata.org/entity/Q632682
N74NI5N0,2,2,http://www.wikidata.org/entity/Q45315
DRFJK5ZX,1,1,http://www.wikidata.org/entity/Q753
DRFJK5ZX,2,1,http://www.wikidata.org/entity/Q753
DRFJK5ZX,3,1,http://www.wikidata.org/entity/Q753
N3Z9O5BA,1,0,http://www.wikidata.org/entity/Q218593
N3Z9O5BA,2,0,http://www.wikidata.org/entity/Q218593
LFW88UP6,1,0,http://www.wikidata.org/entity/Q1090764
LFW88UP6,2,0,http://www.wikidata.org/entity/Q1090716
LFW88UP6,3,0,http://www.wikidata.org/entity/Q1090558
LFW88UP6,1,1,http://www.wikidata.org/entity/Q373969
LFW88UP6,2,1,http://www.wikidata.org/entity/Q275309
LFW88UP6,3,1,http://www.wikidata.org/entity/Q272528
LFW88UP6,1,2,http://www.wikidata.org/entity/Q10387575
LFW88UP6,2,2,http://www.wikidata.org/entity/Q10387575
LFW88UP6,3,2,http://www.wikidata.org/entity/Q10387575
Y7QGWJU8,1,0,http://www.wikidata.org/entity/Q2275355
Y7QGWJU8,2,0,http://www.wikidata.org/entity/Q2977338
S7Q4B2J9,1,0,http://www.wikidata.org/entity/Q1027968
S7Q4B2J9,2,0,http://www.wikidata.org/entity/Q219828
S7Q4B2J9,1,2,http://www.wikidata.org/entity/Q1781
S7Q4B2J9,2,2,http://www.wikidata.org/entity/Q1492
RIIJJF2C,1,0,http://www.wikidata.org/entity/Q63105770
RIIJJF2C,2,0,http://www.wikidata.org/entity/Q49275187
RIIJJF2C,1,1,http://www.wikidata.org/entity/Q49275187
RIIJJF2C,2,1,http://www.wikidata.org/entity/Q29565112
WKF7IXJ9,1,0,http://www.wikidata.org/entity/Q58925169
WKF7IXJ9,2,0,http://www.wikidata.org/entity/Q58925167
WKF7IXJ9,1,1,http://www.wikidata.org/entity/Q29
WKF7IXJ9,2,1,http://www.wikidata.org/entity/Q29
WKF7IXJ9,1,2,http://www.wikidata.org/entity/Q58925170
WKF7IXJ9,2,2,http://www.wikidata.org/entity/Q58925169
0HDAA9LO,1,0,http://www.wikidata.org/entity/Q218593
0HDAA9LO,2,0,http://www.wikidata.org/entity/Q218593
0HDAA9LO,3,0,http://www.wikidata.org/entity/Q218593
Y5AA8V2Z,1,0,http://www.wikidata.org/entity/Q16556309
Y5AA8V2Z,2,0,http://www.wikidata.org/entity/Q16556244
JO0ZQL4H,1,0,http://www.wikidata.org/entity/Q218593
JO0ZQL4H,2,0,http://www.wikidata.org/entity/Q218593
JO0ZQL4H,1,1,http://www.wikidata.org/entity/Q190686
JO0ZQL4H,2,1,http://www.wikidata.org/entity/Q40056
JO0ZQL4H,1,2,http://www.wikidata.org/entity/Q190686
JO0ZQL4H,2,2,http://www.wikidata.org/entity/Q40056
09Z5ITZZ,1,0,http://www.wikidata.org/entity/Q1141720
09Z5ITZZ,2,0,http://www.wikidata.org/entity/Q1009440
W3HQJ82T,1,0,http://www.wikidata.org/entity/Q3775257
W3HQJ82T,2,0,http://www.wikidata.org/entity/Q3114100
R3GVK0V3,1,0,http://www.wikidata.org/entity/Q51955019
R3GVK0V3,2,0,http://www.wikidata.org/entity/Q5020447
R3GVK0V3,1,1,http://www.wikidata.org/entity/Q3639582
R3GVK0V3,2,1,http://www.wikidata.org/entity/Q184478
R3GVK0V3,1,2,http://www.wikidata.org/entity/Q490
R3GVK0V3,2,2,http://www.wikidata.org/entity/Q17042
6NCYQ3W3,1,0,http://www.wikidata.org/entity/Q458720
6NCYQ3W3,2,0,http://www.wikidata.org/entity/Q445159
ETGWPD7G,1,0,http://www.wikidata.org/entity/Q4540831
ETGWPD7G,2,0,http://www.wikidata.org/entity/Q2466685
ETGWPD7G,1,1,http://www.wikidata.org/entity/Q2545661
ETGWPD7G,2,1,http://www.wikidata.org/entity/Q14286504
ETGWPD7G,1,3,http://www.wikidata.org/entity/Q490619
ETGWPD7G,2,3,http://www.wikidata.org/entity/Q454639
D62P73S0,1,0,http://www.wikidata.org/entity/Q2379199
D62P73S0,2,0,http://www.wikidata.org/entity/Q209142
D62P73S0,1,2,http://www.wikidata.org/entity/Q23436
D62P73S0,2,2,http://www.wikidata.org/entity/Q4131
KRKRHZW7,1,0,http://www.wikidata.org/entity/Q12244698
KRKRHZW7,2,0,http://www.wikidata.org/entity/Q6866455
KRKRHZW7,1,1,http://www.wikidata.org/entity/Q30805
KRKRHZW7,2,1,http://www.wikidata.org/entity/Q30805
KRKRHZW7,1,2,http://www.wikidata.org/entity/Q1061621
64R4KY12,1,0,http://www.wikidata.org/entity/Q46807
64R4KY12,2,0,http://www.wikidata.org/entity/Q13717
63YYBEJL,1,0,http://www.wikidata.org/entity/Q85056917
63YYBEJL,2,0,http://www.wikidata.org/entity/Q85056912
8JE962PA,1,0,http://www.wikidata.org/entity/Q218593
8JE962PA,2,0,http://www.wikidata.org/entity/Q218593
8JE962PA,3,0,http://www.wikidata.org/entity/Q218593
8JE962PA,4,0,http://www.wikidata.org/entity/Q218593
2C6UUN8A,1,0,http://www.wikidata.org/entity/Q3003985
2C6UUN8A,2,0,http://www.wikidata.org/entity/Q834521
2C6UUN8A,1,1,http://www.wikidata.org/entity/Q1434732
2C6UUN8A,2,1,http://www.wikidata.org/entity/Q5477
2C6UUN8A,1,2,http://www.wikidata.org/entity/Q31
2C6UUN8A,2,2,http://www.wikidata.org/entity/Q159
TL1K7RTD,1,0,http://www.wikidata.org/entity/Q218593
TL1K7RTD,2,0,http://www.wikidata.org/entity/Q218593
8R0WR800,1,0,http://www.wikidata.org/entity/Q218593
8R0WR800,2,0,http://www.wikidata.org/entity/Q218593
GUW364P0,1,0,http://www.wikidata.org/entity/Q218593
GUW364P0,2,0,http://www.wikidata.org/entity/Q218593
SJG7PC2C,1,0,http://www.wikidata.org/entity/Q1181846
SJG7PC2C,2,0,http://www.wikidata.org/entity/Q1184539
SJG7PC2C,1,1,http://www.wikidata.org/entity/Q5683748
SJG7PC2C,2,1,http://www.wikidata.org/entity/Q1345
JQDF4PUM,1,0,http://www.wikidata.org/entity/Q218593
JQDF4PUM,2,0,http://www.wikidata.org/entity/Q218593
JQDF4PUM,1,1,http://www.wikidata.org/entity/Q48204
JQDF4PUM,2,1,http://www.wikidata.org/entity/Q103691
JQDF4PUM,1,2,http://www.wikidata.org/entity/Q48204
JQDF4PUM,2,2,http://www.wikidata.org/entity/Q103659
BGDWBXTB,1,0,http://www.wikidata.org/entity/Q218593
BGDWBXTB,2,0,http://www.wikidata.org/entity/Q218593
BGDWBXTB,3,0,http://www.wikidata.org/entity/Q218593
BGDWBXTB,1,1,http://www.wikidata.org/entity/Q60998859
BGDWBXTB,2,1,http://www.wikidata.org/entity/Q48837468
BGDWBXTB,3,1,http://www.wikidata.org/entity/Q1288644
BGDWBXTB,1,2,http://www.wikidata.org/entity/Q3296078
BGDWBXTB,2,2,http://www.wikidata.org/entity/Q48837391
BGDWBXTB,3,2,http://www.wikidata.org/entity/Q1288644
IMGXHD8F,1,0,http://www.wikidata.org/entity/Q218593
IMGXHD8F,2,0,http://www.wikidata.org/entity/Q218593
IMGXHD8F,1,1,http://www.wikidata.org/entity/Q134995
IMGXHD8F,2,1,http://www.wikidata.org/entity/Q638
IMGXHD8F,1,2,http://www.wikidata.org/entity/Q152388
IMGXHD8F,2,2,http://www.wikidata.org/entity/Q152388
K3YNUI4G,1,0,http://www.wikidata.org/entity/Q11888451
K3YNUI4G,2,0,http://www.wikidata.org/entity/Q11887931
XUZPEV3Q,1,0,http://www.wikidata.org/entity/Q1902768
XUZPEV3Q,2,0,http://www.wikidata.org/entity/Q918598
XUZPEV3Q,1,1,http://www.wikidata.org/entity/Q491463
XUZPEV3Q,2,1,http://www.wikidata.org/entity/Q161775
XUZPEV3Q,1,2,http://www.wikidata.org/entity/Q20664530
XUZPEV3Q,2,2,http://www.wikidata.org/entity/Q208505
3DSMSKHF,1,0,http://www.wikidata.org/entity/Q218593
3DSMSKHF,2,0,http://www.wikidata.org/entity/Q218593
3DSMSKHF,1,1,http://www.wikidata.org/entity/Q19558910
3DSMSKHF,2,1,http://www.wikidata.org/entity/Q54114
3DSMSKHF,1,2,http://www.wikidata.org/entity/Q3329267
3DSMSKHF,2,2,http://www.wikidata.org/entity/Q26492130
JWGLPTPB,1,0,http://www.wikidata.org/entity/Q218593
JWGLPTPB,2,0,http://www.wikidata.org/entity/Q218593
TFJEPREG,0,0,http://www.wikidata.org/entity/Q218593
TFJEPREG,1,0,http://www.wikidata.org/entity/Q2954738
TFJEPREG,2,0,http://www.wikidata.org/entity/Q2954761
TFJEPREG,0,1,http://www.wikidata.org/entity/Q218593
TFJEPREG,1,1,http://www.wikidata.org/entity/Q2100
TFJEPREG,2,1,http://www.wikidata.org/entity/Q40840
TFJEPREG,0,2,http://www.wikidata.org/entity/Q14877683
TFJEPREG,1,2,http://www.wikidata.org/entity/Q2954738
TFJEPREG,2,2,http://www.wikidata.org/entity/Q2954761
BWLCR5QP,1,0,http://www.wikidata.org/entity/Q176691
BWLCR5QP,2,0,http://www.wikidata.org/entity/Q131566
BWLCR5QP,1,2,http://www.wikidata.org/entity/Q1586184
BWLCR5QP,2,2,http://www.wikidata.org/entity/Q5970458
0W570SQO,1,0,http://www.wikidata.org/entity/Q218151
0W570SQO,2,0,http://www.wikidata.org/entity/Q732738
0W570SQO,1,1,http://www.wikidata.org/entity/Q21604923
0W570SQO,2,1,http://www.wikidata.org/entity/Q21604888
0W570SQO,1,2,http://www.wikidata.org/entity/Q142
0W570SQO,2,2,http://www.wikidata.org/entity/Q142
TINKN8VH,1,0,http://www.wikidata.org/entity/Q218593
TINKN8VH,2,0,http://www.wikidata.org/entity/Q218593
TINKN8VH,3,0,http://www.wikidata.org/entity/Q218593
1C9VGS8U,0,0,http://www.wikidata.org/entity/Q218593
1C9VGS8U,1,0,http://www.wikidata.org/entity/Q15874709
1C9VGS8U,2,0,http://www.wikidata.org/entity/Q81921743
1C9VGS8U,0,2,http://www.wikidata.org/entity/Q14877683
1C9VGS8U,1,2,http://www.wikidata.org/entity/Q2675417
1C9VGS8U,2,2,http://www.wikidata.org/entity/Q78075294
1C9VGS8U,0,3,http://www.wikidata.org/entity/Q218593
1C9VGS8U,1,3,http://www.wikidata.org/entity/Q31
1C9VGS8U,2,3,http://www.wikidata.org/entity/Q31
CL4RRCZM,1,0,http://www.wikidata.org/entity/Q15503298
CL4RRCZM,2,0,http://www.wikidata.org/entity/Q4537469
CL4RRCZM,1,1,http://www.wikidata.org/entity/Q22571
CL4RRCZM,2,1,http://www.wikidata.org/entity/Q7835
M15FLK65,1,0,http://www.wikidata.org/entity/Q760224
M15FLK65,2,0,http://www.wikidata.org/entity/Q997421
M15FLK65,1,3,http://www.wikidata.org/entity/Q216363
M15FLK65,2,3,http://www.wikidata.org/entity/Q200891
LDVOUD4V,1,0,http://www.wikidata.org/entity/Q50390
LDVOUD4V,2,0,http://www.wikidata.org/entity/Q50402
LDVOUD4V,1,1,http://www.wikidata.org/entity/Q16177594
LDVOUD4V,2,1,http://www.wikidata.org/entity/Q12597430
K3KALO5Q,1,0,http://www.wikidata.org/entity/Q4820851
K3KALO5Q,2,0,http://www.wikidata.org/entity/Q6194458
K3KALO5Q,1,1,http://www.wikidata.org/entity/Q764812
K3KALO5Q,2,1,http://www.wikidata.org/entity/Q21261062
K3KALO5Q,1,3,http://www.wikidata.org/entity/Q11331506
K3KALO5Q,2,3,http://www.wikidata.org/entity/Q2472136
YPEEQ7HG,1,0,http://www.wikidata.org/entity/Q865528
YPEEQ7HG,2,0,http://www.wikidata.org/entity/Q1342013
YPEEQ7HG,1,2,http://www.wikidata.org/entity/Q6863569
YPEEQ7HG,2,2,http://www.wikidata.org/entity/Q49212
3YEC2FAR,1,0,http://www.wikidata.org/entity/Q22924437
3YEC2FAR,2,0,http://www.wikidata.org/entity/Q22921870
3YEC2FAR,1,1,http://www.wikidata.org/entity/Q1496833
3YEC2FAR,2,1,http://www.wikidata.org/entity/Q3451594
3YEC2FAR,1,2,http://www.wikidata.org/entity/Q238723
3YEC2FAR,2,2,http://www.wikidata.org/entity/Q230127
HE9NKR1Z,1,0,http://www.wikidata.org/entity/Q955588
HE9NKR1Z,2,0,http://www.wikidata.org/entity/Q955468
DUGQ4GMB,1,0,http://www.wikidata.org/entity/Q694225
DUGQ4GMB,2,0,http://www.wikidata.org/entity/Q694225
DUGQ4GMB,1,1,http://www.wikidata.org/entity/Q13512176
DUGQ4GMB,2,1,http://www.wikidata.org/entity/Q2660217
DUGQ4GMB,1,2,http://www.wikidata.org/entity/Q31
DUGQ4GMB,2,2,http://www.wikidata.org/entity/Q31
9PR3YGUV,1,0,http://www.wikidata.org/entity/Q218593
9PR3YGUV,2,0,http://www.wikidata.org/entity/Q218593
9PR3YGUV,1,1,http://www.wikidata.org/entity/Q27569
9PR3YGUV,2,1,http://www.wikidata.org/entity/Q210527
9PR3YGUV,1,2,http://www.wikidata.org/entity/Q228685
9PR3YGUV,2,2,http://www.wikidata.org/entity/Q228685
P6E3X5U7,1,0,http://www.wikidata.org/entity/Q721104
P6E3X5U7,2,0,http://www.wikidata.org/entity/Q26658
P6E3X5U7,1,1,http://www.wikidata.org/entity/Q28
P6E3X5U7,2,1,http://www.wikidata.org/entity/Q36
P6E3X5U7,1,2,http://www.wikidata.org/entity/Q514540
P6E3X5U7,2,2,http://www.wikidata.org/entity/Q380342
P2Z7CWK3,1,0,http://www.wikidata.org/entity/Q13435464
P2Z7CWK3,2,0,http://www.wikidata.org/entity/Q1510144
WA4B6GJJ,1,0,http://www.wikidata.org/entity/Q218593
WA4B6GJJ,2,0,http://www.wikidata.org/entity/Q218593
4LYBRNO2,1,0,http://www.wikidata.org/entity/Q66315876
4LYBRNO2,2,0,http://www.wikidata.org/entity/Q10300106
6CHB7KNG,1,0,http://www.wikidata.org/entity/Q4083354
6CHB7KNG,2,0,http://www.wikidata.org/entity/Q3552594
6CHB7KNG,1,2,http://www.wikidata.org/entity/Q37801
6CHB7KNG,2,2,http://www.wikidata.org/entity/Q3813
FMOD7W6Z,1,0,http://www.wikidata.org/entity/Q218593
FMOD7W6Z,2,0,http://www.wikidata.org/entity/Q218593
FMOD7W6Z,1,1,http://www.wikidata.org/entity/Q5963338
FMOD7W6Z,2,1,http://www.wikidata.org/entity/Q1926410
FMOD7W6Z,1,2,http://www.wikidata.org/entity/Q314049
FMOD7W6Z,2,2,http://www.wikidata.org/entity/Q223557
318QG7T5,1,0,http://www.wikidata.org/entity/Q218593
318QG7T5,2,0,http://www.wikidata.org/entity/Q218593
6SUBCSC3,1,0,http://www.wikidata.org/entity/Q218593
6SUBCSC3,2,0,http://www.wikidata.org/entity/Q218593
6SUBCSC3,1,1,http://www.wikidata.org/entity/Q666063
6SUBCSC3,2,1,http://www.wikidata.org/entity/Q23826611
6SUBCSC3,1,2,http://www.wikidata.org/entity/Q666063
6SUBCSC3,2,2,http://www.wikidata.org/entity/Q23826611
6SUBCSC3,1,3,http://www.wikidata.org/entity/Q666063
6SUBCSC3,2,3,http://www.wikidata.org/entity/Q93038
4XX2QGMF,1,0,http://www.wikidata.org/entity/Q2495364
4XX2QGMF,2,0,http://www.wikidata.org/entity/Q2359645
4XX2QGMF,3,0,http://www.wikidata.org/entity/Q2222842
4XX2QGMF,1,1,http://www.wikidata.org/entity/Q10858152
4XX2QGMF,2,1,http://www.wikidata.org/entity/Q10858152
4XX2QGMF,3,1,http://www.wikidata.org/entity/Q10858152
4XX2QGMF,1,2,http://www.wikidata.org/entity/Q167199
4XX2QGMF,2,2,http://www.wikidata.org/entity/Q167199
4XX2QGMF,3,2,http://www.wikidata.org/entity/Q167199
4XX2QGMF,1,3,http://www.wikidata.org/entity/Q14565199
4XX2QGMF,2,3,http://www.wikidata.org/entity/Q14565199
4XX2QGMF,3,3,http://www.wikidata.org/entity/Q14565199
IKS3CSHP,1,0,http://www.wikidata.org/entity/Q218593
IKS3CSHP,2,0,http://www.wikidata.org/entity/Q218593
IKS3CSHP,1,1,http://www.wikidata.org/entity/Q4240727
IKS3CSHP,2,1,http://www.wikidata.org/entity/Q930
IKS3CSHP,1,2,http://www.wikidata.org/entity/Q3459108
IKS3CSHP,2,2,http://www.wikidata.org/entity/Q1066442
1KARO1J6,1,0,http://www.wikidata.org/entity/Q61755681
1KARO1J6,2,0,http://www.wikidata.org/entity/Q61755681
1KARO1J6,1,1,http://www.wikidata.org/entity/Q287
1KARO1J6,2,1,http://www.wikidata.org/entity/Q287
ER6EF975,1,0,http://www.wikidata.org/entity/Q218593
ER6EF975,2,0,http://www.wikidata.org/entity/Q218593
ER6EF975,1,1,http://www.wikidata.org/entity/Q332564
ER6EF975,2,1,http://www.wikidata.org/entity/Q28968511
ER6EF975,1,2,http://www.wikidata.org/entity/Q332564
ER6EF975,2,2,http://www.wikidata.org/entity/Q28968511
J943VHWU,1,0,http://www.wikidata.org/entity/Q218593
J943VHWU,2,0,http://www.wikidata.org/entity/Q218593
J943VHWU,1,1,http://www.wikidata.org/entity/Q192520
J943VHWU,2,1,http://www.wikidata.org/entity/Q192520
J943VHWU,1,2,http://www.wikidata.org/entity/Q2383321
J943VHWU,2,2,http://www.wikidata.org/entity/Q179522
SEG1KVPX,1,0,http://www.wikidata.org/entity/Q218593
SEG1KVPX,2,0,http://www.wikidata.org/entity/Q218593
AS0KOTAB,1,0,http://www.wikidata.org/entity/Q240495
AS0KOTAB,2,0,http://www.wikidata.org/entity/Q233588
AS0KOTAB,1,1,http://www.wikidata.org/entity/Q236419
AS0KOTAB,2,1,http://www.wikidata.org/entity/Q236419
MSAUL13G,0,0,http://www.wikidata.org/entity/Q218593
MSAUL13G,1,0,http://www.wikidata.org/entity/Q6627746
MSAUL13G,2,0,http://www.wikidata.org/entity/Q3042287
MSAUL13G,0,1,http://www.wikidata.org/entity/Q218593
MSAUL13G,1,1,http://www.wikidata.org/entity/Q17151
MSAUL13G,2,1,http://www.wikidata.org/entity/Q103011
MSAUL13G,0,2,http://www.wikidata.org/entity/Q14877683
MSAUL13G,1,2,http://www.wikidata.org/entity/Q1633145
MSAUL13G,2,2,http://www.wikidata.org/entity/Q649278
K6CLZ9D6,1,0,http://www.wikidata.org/entity/Q218593
K6CLZ9D6,2,0,http://www.wikidata.org/entity/Q218593
K6CLZ9D6,3,0,http://www.wikidata.org/entity/Q218593
1ML3O2HW,1,0,http://www.wikidata.org/entity/Q2646578
1ML3O2HW,2,0,http://www.wikidata.org/entity/Q2639061
DTWXFF5G,1,0,http://www.wikidata.org/entity/Q218593
DTWXFF5G,2,0,http://www.wikidata.org/entity/Q218593
DTWXFF5G,1,1,http://www.wikidata.org/entity/Q48204
DTWXFF5G,2,1,http://www.wikidata.org/entity/Q1179112
DTWXFF5G,1,2,http://www.wikidata.org/entity/Q1825483
DTWXFF5G,2,2,http://www.wikidata.org/entity/Q638
DUL1TGK0,1,0,http://www.wikidata.org/entity/Q218593
DUL1TGK0,2,0,http://www.wikidata.org/entity/Q218593
DUL1TGK0,1,1,http://www.wikidata.org/entity/Q362051
DUL1TGK0,2,1,http://www.wikidata.org/entity/Q1541041
DUL1TGK0,1,2,http://www.wikidata.org/entity/Q431474
DUL1TGK0,2,2,http://www.wikidata.org/entity/Q1541041
E1KCVXI2,1,0,http://www.wikidata.org/entity/Q47457238
E1KCVXI2,2,0,http://www.wikidata.org/entity/Q47457235
E1KCVXI2,1,1,http://www.wikidata.org/entity/Q743
E1KCVXI2,2,1,http://www.wikidata.org/entity/Q743
KJ6TN53Y,1,0,http://www.wikidata.org/entity/Q321774
KJ6TN53Y,2,0,http://www.wikidata.org/entity/Q15092085
KJ6TN53Y,1,1,http://www.wikidata.org/entity/Q191
KJ6TN53Y,2,1,http://www.wikidata.org/entity/Q191
MMUFSDOE,1,0,http://www.wikidata.org/entity/Q6514464
MMUFSDOE,2,0,http://www.wikidata.org/entity/Q1155989
MMUFSDOE,1,1,http://www.wikidata.org/entity/Q5153500
MMUFSDOE,2,1,http://www.wikidata.org/entity/Q2453601
MMUFSDOE,1,2,http://www.wikidata.org/entity/Q7160389
MMUFSDOE,2,2,http://www.wikidata.org/entity/Q6161235
MMUFSDOE,1,3,http://www.wikidata.org/entity/Q15731038
MMUFSDOE,2,3,http://www.wikidata.org/entity/Q756538
4AN49FNZ,1,0,http://www.wikidata.org/entity/Q218593
4AN49FNZ,2,0,http://www.wikidata.org/entity/Q218593
156A1QVJ,1,0,http://www.wikidata.org/entity/Q218593
156A1QVJ,2,0,http://www.wikidata.org/entity/Q218593
QKFFK7N3,1,0,http://www.wikidata.org/entity/Q218593
QKFFK7N3,2,0,http://www.wikidata.org/entity/Q218593
QKFFK7N3,3,0,http://www.wikidata.org/entity/Q218593
IRQ8C5CZ,1,0,http://www.wikidata.org/entity/Q1932465
IRQ8C5CZ,2,0,http://www.wikidata.org/entity/Q1018561
5N2U0EIL,1,0,http://www.wikidata.org/entity/Q31391
5N2U0EIL,2,0,http://www.wikidata.org/entity/Q729513
5N2U0EIL,1,1,http://www.wikidata.org/entity/Q30
5N2U0EIL,2,1,http://www.wikidata.org/entity/Q29
5N2U0EIL,1,2,http://www.wikidata.org/entity/Q17717
5N2U0EIL,2,2,http://www.wikidata.org/entity/Q615
4KBCVMZS,1,0,http://www.wikidata.org/entity/Q4546523
4KBCVMZS,2,0,http://www.wikidata.org/entity/Q2980984
4KBCVMZS,3,0,http://www.wikidata.org/entity/Q2742610
CY1UXB09,1,0,http://www.wikidata.org/entity/Q218593
CY1UXB09,2,0,http://www.wikidata.org/entity/Q218593
CY1UXB09,3,0,http://www.wikidata.org/entity/Q218593
RC6B0WMT,1,0,http://www.wikidata.org/entity/Q20035274
RC6B0WMT,2,0,http://www.wikidata.org/entity/Q17015253
RC6B0WMT,1,2,http://www.wikidata.org/entity/Q215168
RC6B0WMT,2,2,http://www.wikidata.org/entity/Q178169
WNP2HXU0,1,0,http://www.wikidata.org/entity/Q218593
WNP2HXU0,2,0,http://www.wikidata.org/entity/Q218593
WNP2HXU0,3,0,http://www.wikidata.org/entity/Q218593
WNP2HXU0,4,0,http://www.wikidata.org/entity/Q218593
WNP2HXU0,1,1,http://www.wikidata.org/entity/Q11633
WNP2HXU0,2,1,http://www.wikidata.org/entity/Q666063
WNP2HXU0,3,1,http://www.wikidata.org/entity/Q20588841
WNP2HXU0,4,1,http://www.wikidata.org/entity/Q666063
WNP2HXU0,1,2,http://www.wikidata.org/entity/Q355516
WNP2HXU0,2,2,http://www.wikidata.org/entity/Q666063
WNP2HXU0,3,2,http://www.wikidata.org/entity/Q21651637
WNP2HXU0,4,2,http://www.wikidata.org/entity/Q21651637
A7AFUXWG,1,0,http://www.wikidata.org/entity/Q5879759
A7AFUXWG,2,0,http://www.wikidata.org/entity/Q1146714
A7AFUXWG,1,2,http://www.wikidata.org/entity/Q162875
A7AFUXWG,2,2,http://www.wikidata.org/entity/Q173387
AQHXJRE5,1,0,http://www.wikidata.org/entity/Q19861645
AQHXJRE5,2,0,http://www.wikidata.org/entity/Q19859305
WA7FR9D5,0,0,http://www.wikidata.org/entity/Q218593
WA7FR9D5,1,0,http://www.wikidata.org/entity/Q3423157
WA7FR9D5,2,0,http://www.wikidata.org/entity/Q3423156
WA7FR9D5,3,0,http://www.wikidata.org/entity/Q3423154
WA7FR9D5,0,1,http://www.wikidata.org/entity/Q220543
WA7FR9D5,1,1,http://www.wikidata.org/entity/Q14545608
WA7FR9D5,2,1,http://www.wikidata.org/entity/Q14545608
WA7FR9D5,3,1,http://www.wikidata.org/entity/Q14545608
WA7FR9D5,0,2,http://www.wikidata.org/entity/Q14877683
WA7FR9D5,1,2,http://www.wikidata.org/entity/Q3480080
WA7FR9D5,2,2,http://www.wikidata.org/entity/Q3480080
WA7FR9D5,3,2,http://www.wikidata.org/entity/Q3480080
89UT53IO,1,0,http://www.wikidata.org/entity/Q218593
89UT53IO,2,0,http://www.wikidata.org/entity/Q218593
89UT53IO,1,1,http://www.wikidata.org/entity/Q4446188
89UT53IO,2,1,http://www.wikidata.org/entity/Q317427
89UT53IO,1,2,http://www.wikidata.org/entity/Q7802008
89UT53IO,2,2,http://www.wikidata.org/entity/Q1548122
0DST8G7Y,0,0,http://www.wikidata.org/entity/Q218593
0DST8G7Y,1,0,http://www.wikidata.org/entity/Q5593640
0DST8G7Y,2,0,http://www.wikidata.org/entity/Q1022965
0DST8G7Y,0,1,http://www.wikidata.org/entity/Q218593
0DST8G7Y,1,1,http://www.wikidata.org/entity/Q5593640
0DST8G7Y,2,1,http://www.wikidata.org/entity/Q1022965
0DST8G7Y,0,2,http://www.wikidata.org/entity/Q14877683
0DST8G7Y,1,2,http://www.wikidata.org/entity/Q1061903
0DST8G7Y,2,2,http://www.wikidata.org/entity/Q353348
0DST8G7Y,0,3,http://www.wikidata.org/entity/Q218593
0DST8G7Y,1,3,http://www.wikidata.org/entity/Q11299
0DST8G7Y,2,3,http://www.wikidata.org/entity/Q11299
0JPSM028,1,0,http://www.wikidata.org/entity/Q218593
0JPSM028,2,0,http://www.wikidata.org/entity/Q218593
0JPSM028,1,1,http://www.wikidata.org/entity/Q2975655
0JPSM028,2,1,http://www.wikidata.org/entity/Q778806
0JPSM028,1,2,http://www.wikidata.org/entity/Q4752572
0JPSM028,2,2,http://www.wikidata.org/entity/Q39614
UY3YZLOJ,1,0,http://www.wikidata.org/entity/Q218593
UY3YZLOJ,2,0,http://www.wikidata.org/entity/Q218593
UY3YZLOJ,3,0,http://www.wikidata.org/entity/Q218593
UY3YZLOJ,1,1,http://www.wikidata.org/entity/Q1559702
UY3YZLOJ,2,1,http://www.wikidata.org/entity/Q217102
UY3YZLOJ,3,1,http://www.wikidata.org/entity/Q617792
UY3YZLOJ,1,2,http://www.wikidata.org/entity/Q10562558
UY3YZLOJ,2,2,http://www.wikidata.org/entity/Q596643
UY3YZLOJ,3,2,http://www.wikidata.org/entity/Q12760
8980WGB8,1,0,http://www.wikidata.org/entity/Q623196
8980WGB8,2,0,http://www.wikidata.org/entity/Q246226
8YADUB52,1,0,http://www.wikidata.org/entity/Q2401302
8YADUB52,2,0,http://www.wikidata.org/entity/Q1552859
8YADUB52,1,2,http://www.wikidata.org/entity/Q159
8YADUB52,2,2,http://www.wikidata.org/entity/Q142
