1LG3FS9I,1,0,http://www.wikidata.org/wiki/Q4201789
1LG3FS9I,1,2,http://www.wikidata.org/wiki/Q2465832
1LG3FS9I,1,4,http://www.wikidata.org/wiki/Q83172
1LG3FS9I,2,0,http://www.wikidata.org/wiki/Q15056005
1LG3FS9I,2,2,http://www.wikidata.org/wiki/Q1810862
1LG3FS9I,2,4,http://www.wikidata.org/wiki/Q83172
4W0OBNEX,1,0,http://www.wikidata.org/wiki/Q564435
4W0OBNEX,1,1,http://www.wikidata.org/wiki/Q812412
4W0OBNEX,2,0,http://www.wikidata.org/wiki/Q778904
4W0OBNEX,2,1,http://www.wikidata.org/wiki/Q812412
UQPH9LSY,1,0,http://www.wikidata.org/wiki/Q332088
UQPH9LSY,1,1,http://www.wikidata.org/wiki/Q61309
UQPH9LSY,1,2,http://www.wikidata.org/wiki/Q4227907
UQPH9LSY,2,0,http://www.wikidata.org/wiki/Q4116378
UQPH9LSY,2,1,http://www.wikidata.org/wiki/Q843365
UQPH9LSY,2,2,http://www.wikidata.org/wiki/Q3035235
RTHP216U,1,0,http://www.wikidata.org/wiki/Q482607
RTHP216U,1,1,http://www.wikidata.org/wiki/Q7734952
RTHP216U,1,2,http://www.wikidata.org/wiki/Q488682
RTHP216U,2,0,http://www.wikidata.org/wiki/Q314407
RTHP216U,2,1,http://www.wikidata.org/wiki/Q166400
RTHP216U,2,2,http://www.wikidata.org/wiki/Q746628
66V1UPF1,1,0,http://www.wikidata.org/wiki/Q1813849
66V1UPF1,1,2,http://www.wikidata.org/wiki/Q137863
66V1UPF1,1,3,http://www.wikidata.org/wiki/Q37
66V1UPF1,1,4,http://www.wikidata.org/wiki/Q188061
66V1UPF1,2,0,http://www.wikidata.org/wiki/Q118903
66V1UPF1,2,2,http://www.wikidata.org/wiki/Q118910
66V1UPF1,2,3,http://www.wikidata.org/wiki/Q37
66V1UPF1,2,4,http://www.wikidata.org/wiki/Q188061
WJDZNJ7R,1,0,http://www.wikidata.org/wiki/Q506674
WJDZNJ7R,1,1,http://www.wikidata.org/wiki/Q177266
WJDZNJ7R,1,2,http://www.wikidata.org/wiki/Q794691
WJDZNJ7R,2,0,http://www.wikidata.org/wiki/Q1337795
WJDZNJ7R,2,1,http://www.wikidata.org/wiki/Q3487646
WJDZNJ7R,2,2,http://www.wikidata.org/wiki/Q7264
KVHVZV3L,1,0,http://www.wikidata.org/wiki/Q65
KVHVZV3L,1,1,http://www.wikidata.org/wiki/Q8731
KVHVZV3L,1,2,http://www.wikidata.org/wiki/Q8731
KVHVZV3L,2,0,http://www.wikidata.org/wiki/Q1720
KVHVZV3L,2,1,http://www.wikidata.org/wiki/Q1720
KVHVZV3L,2,2,http://www.wikidata.org/wiki/Q392494
639WTBBX,1,0,http://www.wikidata.org/wiki/Q332050
639WTBBX,2,0,http://www.wikidata.org/wiki/Q258786
RSP4RPJK,1,0,http://www.wikidata.org/wiki/Q56702278
RSP4RPJK,1,1,http://www.wikidata.org/wiki/Q2601386
RSP4RPJK,2,0,http://www.wikidata.org/wiki/Q6974685
RSP4RPJK,2,1,http://www.wikidata.org/wiki/Q1967556
L5LD752I,1,0,http://www.wikidata.org/wiki/Q15411064
L5LD752I,1,1,http://www.wikidata.org/wiki/Q3656765
L5LD752I,2,0,http://www.wikidata.org/wiki/Q2041633
L5LD752I,2,1,http://www.wikidata.org/wiki/Q207095
IYAGHNQ1,1,0,http://www.wikidata.org/wiki/Q16556419
IYAGHNQ1,1,2,http://www.wikidata.org/wiki/Q3609
IYAGHNQ1,2,0,http://www.wikidata.org/wiki/Q15943603
IYAGHNQ1,2,2,http://www.wikidata.org/wiki/Q3609
IYAGHNQ1,3,0,http://www.wikidata.org/wiki/Q16825873
IYAGHNQ1,3,2,http://www.wikidata.org/wiki/Q3492224
S4BBSEDC,1,0,http://www.wikidata.org/wiki/Q657518
S4BBSEDC,2,0,http://www.wikidata.org/wiki/Q634418
7CWHHFZU,1,0,http://www.wikidata.org/wiki/Q5638044
7CWHHFZU,1,1,http://www.wikidata.org/wiki/Q481605
7CWHHFZU,1,2,http://www.wikidata.org/wiki/Q1358138
7CWHHFZU,2,0,http://www.wikidata.org/wiki/Q9726
7CWHHFZU,2,1,http://www.wikidata.org/wiki/Q726531
7CWHHFZU,2,2,http://www.wikidata.org/wiki/Q1344
SHQ8Y1NF,1,0,http://www.wikidata.org/wiki/Q611233
SHQ8Y1NF,1,3,http://www.wikidata.org/wiki/Q3364619
SHQ8Y1NF,2,0,http://www.wikidata.org/wiki/Q194373
SHQ8Y1NF,2,3,http://www.wikidata.org/wiki/Q738435
YSKIF9MF,1,0,http://www.wikidata.org/wiki/Q15718
YSKIF9MF,1,3,http://www.wikidata.org/wiki/Q170347
YSKIF9MF,2,0,http://www.wikidata.org/wiki/Q18025996
YSKIF9MF,2,3,http://www.wikidata.org/wiki/Q1584150
AKVHIMRU,1,0,http://www.wikidata.org/wiki/Q13407990
AKVHIMRU,1,1,http://www.wikidata.org/wiki/Q219414
AKVHIMRU,2,0,http://www.wikidata.org/wiki/Q6067061
AKVHIMRU,2,1,http://www.wikidata.org/wiki/Q184602
S3CKGCLJ,1,0,http://www.wikidata.org/wiki/Q823648
S3CKGCLJ,2,0,http://www.wikidata.org/wiki/Q436209
MXQ1SKLG,1,0,http://www.wikidata.org/wiki/Q2134109
MXQ1SKLG,2,0,http://www.wikidata.org/wiki/Q216344
7NCVAPZ6,1,0,http://www.wikidata.org/wiki/Q18438915
7NCVAPZ6,2,0,http://www.wikidata.org/wiki/Q16820786
T55TO34J,1,0,http://www.wikidata.org/wiki/Q3254431
T55TO34J,2,0,http://www.wikidata.org/wiki/Q3304606
DVL415PS,1,0,http://www.wikidata.org/wiki/Q28130502
DVL415PS,1,1,http://www.wikidata.org/wiki/Q28130502
DVL415PS,1,2,http://www.wikidata.org/wiki/Q1037
DVL415PS,2,0,http://www.wikidata.org/wiki/Q2138558
DVL415PS,2,1,http://www.wikidata.org/wiki/Q515
DVL415PS,2,2,http://www.wikidata.org/wiki/Q183
DVL415PS,3,0,http://www.wikidata.org/wiki/Q4442617
DVL415PS,3,1,http://www.wikidata.org/wiki/Q8059289
DVL415PS,3,2,http://www.wikidata.org/wiki/Q15180
KXSQH8PJ,1,0,http://www.wikidata.org/wiki/Q13412377
KXSQH8PJ,1,2,http://www.wikidata.org/wiki/Q192534
KXSQH8PJ,2,0,http://www.wikidata.org/wiki/Q7203180
KXSQH8PJ,2,2,http://www.wikidata.org/wiki/Q192534
KXSQH8PJ,3,0,http://www.wikidata.org/wiki/Q1026636
KXSQH8PJ,3,2,http://www.wikidata.org/wiki/Q182432
I35616OY,1,0,http://www.wikidata.org/wiki/Q210907
I35616OY,2,0,http://www.wikidata.org/wiki/Q208268
RU92NLFT,1,0,http://www.wikidata.org/wiki/Q5425982
RU92NLFT,1,1,http://www.wikidata.org/wiki/Q1065809
RU92NLFT,1,2,http://www.wikidata.org/wiki/Q812
RU92NLFT,2,0,http://www.wikidata.org/wiki/Q19879720
RU92NLFT,2,1,http://www.wikidata.org/wiki/Q487556
RU92NLFT,2,2,http://www.wikidata.org/wiki/Q3130
P0P41ODQ,1,0,http://www.wikidata.org/wiki/Q1376
P0P41ODQ,2,0,http://www.wikidata.org/wiki/Q1376
7UH8BJ87,1,0,http://www.wikidata.org/wiki/Q2469736
7UH8BJ87,2,0,http://www.wikidata.org/wiki/Q2565342
10Q6EESN,1,0,http://www.wikidata.org/wiki/Q21999654
10Q6EESN,1,1,http://www.wikidata.org/wiki/Q19652
10Q6EESN,1,2,http://www.wikidata.org/wiki/Q357824
10Q6EESN,2,0,http://www.wikidata.org/wiki/Q29029690
10Q6EESN,2,1,http://www.wikidata.org/wiki/Q19652
10Q6EESN,2,2,http://www.wikidata.org/wiki/Q313922
QNHDL33N,1,0,http://www.wikidata.org/wiki/Q5699813
QNHDL33N,1,1,http://www.wikidata.org/wiki/Q11436
QNHDL33N,1,2,http://www.wikidata.org/wiki/Q917953
QNHDL33N,2,0,http://www.wikidata.org/wiki/Q5275178
QNHDL33N,2,1,http://www.wikidata.org/wiki/Q11436
QNHDL33N,2,2,http://www.wikidata.org/wiki/Q917172
KSNGOI8Z,1,0,http://www.wikidata.org/wiki/Q719794
KSNGOI8Z,1,1,http://www.wikidata.org/wiki/Q236122
KSNGOI8Z,1,2,http://www.wikidata.org/wiki/Q9592
KSNGOI8Z,2,0,http://www.wikidata.org/wiki/Q2981
KSNGOI8Z,2,1,http://www.wikidata.org/wiki/Q176483
KSNGOI8Z,2,2,http://www.wikidata.org/wiki/Q9592
6AAA6KDL,1,0,http://www.wikidata.org/wiki/Q7525
6AAA6KDL,1,1,http://www.wikidata.org/wiki/Q2086913
6AAA6KDL,1,2,http://www.wikidata.org/wiki/Q490550
6AAA6KDL,2,0,http://www.wikidata.org/wiki/Q1888092
6AAA6KDL,2,1,http://www.wikidata.org/wiki/Q2086913
6AAA6KDL,2,2,http://www.wikidata.org/wiki/Q490477
P8CRFNEP,1,0,http://www.wikidata.org/wiki/Q46585668
P8CRFNEP,2,0,http://www.wikidata.org/wiki/Q3131110
RT326E2G,1,0,http://www.wikidata.org/wiki/Q5383621
RT326E2G,1,1,http://www.wikidata.org/wiki/Q19652
RT326E2G,1,2,http://www.wikidata.org/wiki/Q34
RT326E2G,2,0,http://www.wikidata.org/wiki/Q1098762
RT326E2G,2,1,http://www.wikidata.org/wiki/Q19652
RT326E2G,2,2,http://www.wikidata.org/wiki/Q34
1JCIV762,1,0,http://www.wikidata.org/wiki/Q13495
1JCIV762,1,1,http://www.wikidata.org/wiki/Q45580643
1JCIV762,1,2,http://www.wikidata.org/wiki/Q21769954
1JCIV762,2,0,http://www.wikidata.org/wiki/Q13470
1JCIV762,2,1,http://www.wikidata.org/wiki/Q45580643
1JCIV762,2,2,http://www.wikidata.org/wiki/Q21769954
BWIXL857,1,0,http://www.wikidata.org/wiki/Q2891357
BWIXL857,2,0,http://www.wikidata.org/wiki/Q9351
CC3DZCAD,1,0,http://www.wikidata.org/wiki/Q1010268
CC3DZCAD,1,1,http://www.wikidata.org/wiki/Q1010268
CC3DZCAD,1,2,http://www.wikidata.org/wiki/Q7880
CC3DZCAD,2,0,http://www.wikidata.org/wiki/Q14845
CC3DZCAD,2,1,http://www.wikidata.org/wiki/Q320572
CC3DZCAD,2,2,http://www.wikidata.org/wiki/Q3150
Y3JPLR2A,1,0,http://www.wikidata.org/wiki/Q5370293
Y3JPLR2A,1,1,http://www.wikidata.org/wiki/Q5370873
Y3JPLR2A,1,2,http://www.wikidata.org/wiki/Q1999572
Y3JPLR2A,2,0,http://www.wikidata.org/wiki/Q5370873
Y3JPLR2A,2,1,http://www.wikidata.org/wiki/Q5370293
Y3JPLR2A,2,2,http://www.wikidata.org/wiki/Q1999572
QYX0IBGZ,1,0,http://www.wikidata.org/wiki/Q20858769
QYX0IBGZ,2,0,http://www.wikidata.org/wiki/Q3728
2WWMLL1O,1,0,http://www.wikidata.org/wiki/Q170277
2WWMLL1O,2,0,http://www.wikidata.org/wiki/Q313019
YA377MQ3,1,0,http://www.wikidata.org/wiki/Q334353
YA377MQ3,1,1,http://www.wikidata.org/wiki/Q131132
YA377MQ3,1,2,http://www.wikidata.org/wiki/Q46
YA377MQ3,2,0,http://www.wikidata.org/wiki/Q334124
YA377MQ3,2,1,http://www.wikidata.org/wiki/Q131132
YA377MQ3,2,2,http://www.wikidata.org/wiki/Q46
SWICQRV2,1,0,http://www.wikidata.org/wiki/Q650248
SWICQRV2,1,2,http://www.wikidata.org/wiki/Q319214
SWICQRV2,2,0,http://www.wikidata.org/wiki/Q161156
SWICQRV2,2,2,http://www.wikidata.org/wiki/Q318781
ELRYKU84,1,0,http://www.wikidata.org/wiki/Q2163496
ELRYKU84,2,0,http://www.wikidata.org/wiki/Q1286354
NAU7I5UN,1,0,http://www.wikidata.org/wiki/Q979
NAU7I5UN,2,0,http://www.wikidata.org/wiki/Q979
NMK2GWBS,1,0,http://www.wikidata.org/wiki/Q1287969
NMK2GWBS,2,0,http://www.wikidata.org/wiki/Q598755
NZ4LO319,1,0,http://www.wikidata.org/wiki/Q653187
NZ4LO319,1,1,http://www.wikidata.org/wiki/Q142
NZ4LO319,1,2,http://www.wikidata.org/wiki/Q108284447
NZ4LO319,2,0,http://www.wikidata.org/wiki/Q1311978
NZ4LO319,2,1,http://www.wikidata.org/wiki/Q142
NZ4LO319,2,2,http://www.wikidata.org/wiki/Q5937752
Z618SF1Q,1,0,http://www.wikidata.org/wiki/Q27425
Z618SF1Q,1,2,http://www.wikidata.org/wiki/Q503232
Z618SF1Q,2,0,http://www.wikidata.org/wiki/Q10988645
Z618SF1Q,2,2,http://www.wikidata.org/wiki/Q300856
QX840EMW,1,0,http://www.wikidata.org/wiki/Q2487297
QX840EMW,1,1,http://www.wikidata.org/wiki/Q2156829
QX840EMW,1,2,http://www.wikidata.org/wiki/Q727
QX840EMW,2,0,http://www.wikidata.org/wiki/Q34749
QX840EMW,2,1,http://www.wikidata.org/wiki/Q96
QX840EMW,2,2,http://www.wikidata.org/wiki/Q16553
JRRCRO27,1,0,http://www.wikidata.org/wiki/Q3773832
JRRCRO27,1,1,http://www.wikidata.org/wiki/Q3773834
JRRCRO27,2,0,http://www.wikidata.org/wiki/Q3773909
JRRCRO27,2,1,http://www.wikidata.org/wiki/Q2649128
U6IS7IHN,1,0,http://www.wikidata.org/wiki/Q2216080
U6IS7IHN,1,1,http://www.wikidata.org/wiki/Q3846328
U6IS7IHN,1,2,http://www.wikidata.org/wiki/Q842886
U6IS7IHN,1,3,http://www.wikidata.org/wiki/Q804
U6IS7IHN,2,0,http://www.wikidata.org/wiki/Q48302168
U6IS7IHN,2,1,http://www.wikidata.org/wiki/Q2064060
U6IS7IHN,2,2,http://www.wikidata.org/wiki/Q842886
U6IS7IHN,2,3,http://www.wikidata.org/wiki/Q804
Z7KN2F7D,1,0,http://www.wikidata.org/wiki/Q1369558
Z7KN2F7D,2,0,http://www.wikidata.org/wiki/Q834969
HC95KLK7,1,0,http://www.wikidata.org/wiki/Q321253
HC95KLK7,1,1,http://www.wikidata.org/wiki/Q3857
HC95KLK7,1,3,http://www.wikidata.org/wiki/Q3857
HC95KLK7,2,0,http://www.wikidata.org/wiki/Q60744404
HC95KLK7,2,1,http://www.wikidata.org/wiki/Q25287
HC95KLK7,2,3,http://www.wikidata.org/wiki/Q52502
BR44OMLT,1,0,http://www.wikidata.org/wiki/Q7370422
BR44OMLT,1,1,http://www.wikidata.org/wiki/Q287
BR44OMLT,1,2,http://www.wikidata.org/wiki/Q170321
BR44OMLT,2,0,http://www.wikidata.org/wiki/Q918834
BR44OMLT,2,1,http://www.wikidata.org/wiki/Q287
BR44OMLT,2,2,http://www.wikidata.org/wiki/Q1471
ZXF2PWA4,1,0,http://www.wikidata.org/wiki/Q544661
ZXF2PWA4,2,0,http://www.wikidata.org/wiki/Q852273
GPZ72K9R,1,0,http://www.wikidata.org/wiki/Q599490
GPZ72K9R,1,1,http://www.wikidata.org/wiki/Q41755427
GPZ72K9R,1,2,http://www.wikidata.org/wiki/Q156707
GPZ72K9R,1,3,http://www.wikidata.org/wiki/Q3609
GPZ72K9R,2,0,http://www.wikidata.org/wiki/Q599490
GPZ72K9R,2,1,http://www.wikidata.org/wiki/Q599490
GPZ72K9R,2,2,http://www.wikidata.org/wiki/Q1764994
GPZ72K9R,2,3,http://www.wikidata.org/wiki/Q3609
Y6YD5MVX,1,0,http://www.wikidata.org/wiki/Q1100
Y6YD5MVX,2,0,http://www.wikidata.org/wiki/Q384188
MSUWADMV,1,0,http://www.wikidata.org/wiki/Q1216
MSUWADMV,2,0,http://www.wikidata.org/wiki/Q1210
Q4PZJLUI,1,0,http://www.wikidata.org/wiki/Q16707726
Q4PZJLUI,1,1,http://www.wikidata.org/wiki/Q16856986
Q4PZJLUI,1,2,http://www.wikidata.org/wiki/Q17985385
Q4PZJLUI,2,0,http://www.wikidata.org/wiki/Q16707717
Q4PZJLUI,2,1,http://www.wikidata.org/wiki/Q17747099
Q4PZJLUI,2,2,http://www.wikidata.org/wiki/Q1800430
ORY1V585,1,0,http://www.wikidata.org/wiki/Q298376
ORY1V585,2,0,http://www.wikidata.org/wiki/Q58685
ZSN12XTG,1,0,http://www.wikidata.org/wiki/Q1700617
ZSN12XTG,1,1,http://www.wikidata.org/wiki/Q11299
ZSN12XTG,1,2,http://www.wikidata.org/wiki/Q183816
ZSN12XTG,2,0,http://www.wikidata.org/wiki/Q630226
ZSN12XTG,2,1,http://www.wikidata.org/wiki/Q99
ZSN12XTG,2,2,http://www.wikidata.org/wiki/Q2460112
9E6PUMKB,1,0,http://www.wikidata.org/wiki/Q8242
9E6PUMKB,1,1,http://www.wikidata.org/wiki/Q4964675
9E6PUMKB,1,2,http://www.wikidata.org/wiki/Q34
9E6PUMKB,1,3,http://www.wikidata.org/wiki/Q506250
9E6PUMKB,2,0,http://www.wikidata.org/wiki/Q1211272
9E6PUMKB,2,1,http://www.wikidata.org/wiki/Q462827
9E6PUMKB,2,2,http://www.wikidata.org/wiki/Q34
9E6PUMKB,2,3,http://www.wikidata.org/wiki/Q506250
NXVK8K1E,1,0,http://www.wikidata.org/wiki/Q272056
NXVK8K1E,2,0,http://www.wikidata.org/wiki/Q1344555
C7JV7SIA,1,0,http://www.wikidata.org/wiki/Q943340
C7JV7SIA,2,0,http://www.wikidata.org/wiki/Q926610
7JZOS56F,1,0,http://www.wikidata.org/wiki/Q58315594
7JZOS56F,2,0,http://www.wikidata.org/wiki/Q17022375
EHITTI5C,1,0,http://www.wikidata.org/wiki/Q1797985
EHITTI5C,2,0,http://www.wikidata.org/wiki/Q6415764
U5V6QARC,1,0,http://www.wikidata.org/wiki/Q583893
U5V6QARC,1,1,http://www.wikidata.org/wiki/Q44211
U5V6QARC,1,2,http://www.wikidata.org/wiki/Q2792846
U5V6QARC,2,0,http://www.wikidata.org/wiki/Q645679
U5V6QARC,2,1,http://www.wikidata.org/wiki/Q44823
U5V6QARC,2,2,http://www.wikidata.org/wiki/Q2544458
U5V6QARC,3,0,http://www.wikidata.org/wiki/Q665082
U5V6QARC,3,1,http://www.wikidata.org/wiki/Q44759
U5V6QARC,3,2,http://www.wikidata.org/wiki/Q15329
X8VIPJJW,1,0,http://www.wikidata.org/wiki/Q7119870
X8VIPJJW,1,1,http://www.wikidata.org/wiki/Q575727
X8VIPJJW,2,0,http://www.wikidata.org/wiki/Q2289631
X8VIPJJW,2,1,http://www.wikidata.org/wiki/Q575727
HWNY9ILA,1,0,http://www.wikidata.org/wiki/Q1061606
HWNY9ILA,1,1,http://www.wikidata.org/wiki/Q42891
HWNY9ILA,1,2,http://www.wikidata.org/wiki/Q602358
HWNY9ILA,2,0,http://www.wikidata.org/wiki/Q380817
HWNY9ILA,2,1,http://www.wikidata.org/wiki/Q1579
HWNY9ILA,2,2,http://www.wikidata.org/wiki/Q602358
GICSXOZ8,1,0,http://www.wikidata.org/wiki/Q688
GICSXOZ8,2,0,http://www.wikidata.org/wiki/Q2324121
NOS8JM8U,1,0,http://www.wikidata.org/wiki/Q1702897
NOS8JM8U,2,0,http://www.wikidata.org/wiki/Q1628507
REIULX5M,1,0,http://www.wikidata.org/wiki/Q149590
REIULX5M,1,2,http://www.wikidata.org/wiki/Q202088
REIULX5M,2,0,http://www.wikidata.org/wiki/Q7981531
REIULX5M,2,2,http://www.wikidata.org/wiki/Q1930
RPQVB0A5,1,0,http://www.wikidata.org/wiki/Q650
RPQVB0A5,1,1,http://www.wikidata.org/wiki/Q722568
RPQVB0A5,2,0,http://www.wikidata.org/wiki/Q242091
RPQVB0A5,2,1,http://www.wikidata.org/wiki/Q423901
54TC2JGI,1,0,http://www.wikidata.org/wiki/Q4855967
54TC2JGI,1,1,http://www.wikidata.org/wiki/Q4645770
54TC2JGI,1,2,http://www.wikidata.org/wiki/Q4855967
54TC2JGI,2,0,http://www.wikidata.org/wiki/Q4716548
54TC2JGI,2,1,http://www.wikidata.org/wiki/Q4546248
54TC2JGI,2,2,http://www.wikidata.org/wiki/Q4716548
WUV0SEY5,1,0,http://www.wikidata.org/wiki/Q6023665
WUV0SEY5,1,1,http://www.wikidata.org/wiki/Q6608367
WUV0SEY5,1,2,http://www.wikidata.org/wiki/Q6608367
WUV0SEY5,1,3,http://www.wikidata.org/wiki/Q30
WUV0SEY5,2,0,http://www.wikidata.org/wiki/Q3577934
WUV0SEY5,2,1,http://www.wikidata.org/wiki/Q7885718
WUV0SEY5,2,2,http://www.wikidata.org/wiki/Q3299074
WUV0SEY5,2,3,http://www.wikidata.org/wiki/Q142
6RSSK6K9,1,0,http://www.wikidata.org/wiki/Q12514
6RSSK6K9,2,0,http://www.wikidata.org/wiki/Q3375894
2QBKPLKN,1,0,http://www.wikidata.org/wiki/Q83236
2QBKPLKN,1,1,http://www.wikidata.org/wiki/Q34993
2QBKPLKN,1,2,http://www.wikidata.org/wiki/Q6655
2QBKPLKN,1,3,http://www.wikidata.org/wiki/Q16854054
2QBKPLKN,2,0,http://www.wikidata.org/wiki/Q60453
2QBKPLKN,2,1,http://www.wikidata.org/wiki/Q14641
2QBKPLKN,2,2,http://www.wikidata.org/wiki/Q207020
2QBKPLKN,2,3,http://www.wikidata.org/wiki/Q60453
TQV31RRF,1,0,http://www.wikidata.org/wiki/Q120812
TQV31RRF,1,1,http://www.wikidata.org/wiki/Q1520130
TQV31RRF,1,2,http://www.wikidata.org/wiki/Q107715
TQV31RRF,2,0,http://www.wikidata.org/wiki/Q107775
TQV31RRF,2,1,http://www.wikidata.org/wiki/Q83353
TQV31RRF,2,2,http://www.wikidata.org/wiki/Q1075
SY0DPKDK,1,0,http://www.wikidata.org/wiki/Q756890
SY0DPKDK,1,1,http://www.wikidata.org/wiki/Q1492
SY0DPKDK,1,2,http://www.wikidata.org/wiki/Q9081220
SY0DPKDK,2,0,http://www.wikidata.org/wiki/Q33438
SY0DPKDK,2,1,http://www.wikidata.org/wiki/Q72
SY0DPKDK,2,2,http://www.wikidata.org/wiki/Q5975415
I5VXHAFU,1,0,http://www.wikidata.org/wiki/Q9438
I5VXHAFU,1,1,http://www.wikidata.org/wiki/Q34178
I5VXHAFU,1,2,http://www.wikidata.org/wiki/Q9438
I5VXHAFU,2,0,http://www.wikidata.org/wiki/Q1778073
I5VXHAFU,2,1,http://www.wikidata.org/wiki/Q1725664
I5VXHAFU,2,2,http://www.wikidata.org/wiki/Q446115
X98MVBH8,1,0,http://www.wikidata.org/wiki/Q17572283
X98MVBH8,1,1,http://www.wikidata.org/wiki/Q233283
X98MVBH8,2,0,http://www.wikidata.org/wiki/Q15107057
X98MVBH8,2,1,http://www.wikidata.org/wiki/Q19889
09WNG86U,1,0,http://www.wikidata.org/wiki/Q49794
09WNG86U,1,1,http://www.wikidata.org/wiki/Q7407270
09WNG86U,1,2,http://www.wikidata.org/wiki/Q49799
09WNG86U,2,0,http://www.wikidata.org/wiki/Q30874
09WNG86U,2,1,http://www.wikidata.org/wiki/Q187165
09WNG86U,2,2,http://www.wikidata.org/wiki/Q34151
SHHM5MQ9,1,0,http://www.wikidata.org/wiki/Q7388248
SHHM5MQ9,1,1,http://www.wikidata.org/wiki/Q321722
SHHM5MQ9,1,3,http://www.wikidata.org/wiki/Q7032
SHHM5MQ9,2,0,http://www.wikidata.org/wiki/Q3238987
SHHM5MQ9,2,1,http://www.wikidata.org/wiki/Q801490
SHHM5MQ9,2,3,http://www.wikidata.org/wiki/Q1022
Y5U7T2BO,1,0,http://www.wikidata.org/wiki/Q5098722
Y5U7T2BO,2,0,http://www.wikidata.org/wiki/Q673122
CPAWD9DP,1,0,http://www.wikidata.org/wiki/Q10375640
CPAWD9DP,2,0,http://www.wikidata.org/wiki/Q10368359
CPAWD9DP,3,0,http://www.wikidata.org/wiki/Q10366796
C4VHNN8T,1,0,http://www.wikidata.org/wiki/Q2116135
C4VHNN8T,1,1,http://www.wikidata.org/wiki/Q1128609
C4VHNN8T,1,2,http://www.wikidata.org/wiki/Q66766
C4VHNN8T,2,0,http://www.wikidata.org/wiki/Q15264238
C4VHNN8T,2,1,http://www.wikidata.org/wiki/Q2349672
C4VHNN8T,2,2,http://www.wikidata.org/wiki/Q459719
N1AKWQIT,1,0,http://www.wikidata.org/wiki/Q2385988
N1AKWQIT,2,0,http://www.wikidata.org/wiki/Q1495884
U25DQHSA,1,0,http://www.wikidata.org/wiki/Q44762
U25DQHSA,2,0,http://www.wikidata.org/wiki/Q44761
ALEPMKFI,1,0,http://www.wikidata.org/wiki/Q749
ALEPMKFI,2,0,http://www.wikidata.org/wiki/Q24226
XH4O45WH,1,0,http://www.wikidata.org/wiki/Q18038655
XH4O45WH,2,0,http://www.wikidata.org/wiki/Q1454942
DKRNW9W0,1,0,http://www.wikidata.org/wiki/Q1618018
DKRNW9W0,1,1,http://www.wikidata.org/wiki/Q459007
DKRNW9W0,1,2,http://www.wikidata.org/wiki/Q65089370
DKRNW9W0,2,0,http://www.wikidata.org/wiki/Q13037433
DKRNW9W0,2,1,http://www.wikidata.org/wiki/Q808036
DKRNW9W0,2,2,http://www.wikidata.org/wiki/Q752269
RPPC4F48,1,0,http://www.wikidata.org/wiki/Q18085513
RPPC4F48,2,0,http://www.wikidata.org/wiki/Q17013018
5QOL31U1,1,0,http://www.wikidata.org/wiki/Q5253344
5QOL31U1,1,1,http://www.wikidata.org/wiki/Q6468691
5QOL31U1,2,0,http://www.wikidata.org/wiki/Q6489772
5QOL31U1,2,1,http://www.wikidata.org/wiki/Q803168
O8RYYNIA,1,0,http://www.wikidata.org/wiki/Q503102
O8RYYNIA,1,1,http://www.wikidata.org/wiki/Q500125
O8RYYNIA,2,0,http://www.wikidata.org/wiki/Q182007
O8RYYNIA,2,1,http://www.wikidata.org/wiki/Q254799
OVLT0ACT,1,0,http://www.wikidata.org/wiki/Q373773
OVLT0ACT,2,0,http://www.wikidata.org/wiki/Q5173390
2GBLG3HN,1,0,http://www.wikidata.org/wiki/Q4659250
2GBLG3HN,1,1,http://www.wikidata.org/wiki/Q131
2GBLG3HN,1,2,http://www.wikidata.org/wiki/Q685595
2GBLG3HN,2,0,http://www.wikidata.org/wiki/Q131
2GBLG3HN,2,1,http://www.wikidata.org/wiki/Q131
2GBLG3HN,2,2,http://www.wikidata.org/wiki/Q655446
PCSQC02A,1,1,http://www.wikidata.org/wiki/Q179448
PCSQC02A,1,2,http://www.wikidata.org/wiki/Q7250680
PCSQC02A,1,3,http://www.wikidata.org/wiki/Q452011
PCSQC02A,2,0,http://www.wikidata.org/wiki/Q8033127
PCSQC02A,2,1,http://www.wikidata.org/wiki/Q179448
PCSQC02A,2,2,http://www.wikidata.org/wiki/Q7250680
PCSQC02A,2,3,http://www.wikidata.org/wiki/Q452011
DI30VI4G,1,0,http://www.wikidata.org/wiki/Q5975048
DI30VI4G,2,0,http://www.wikidata.org/wiki/Q1917947
WOL0EDZ9,1,0,http://www.wikidata.org/wiki/Q28942281
WOL0EDZ9,1,1,http://www.wikidata.org/wiki/Q28942281
WOL0EDZ9,1,2,http://www.wikidata.org/wiki/Q28942281
WOL0EDZ9,2,0,http://www.wikidata.org/wiki/Q2097994
WOL0EDZ9,2,1,http://www.wikidata.org/wiki/Q35798
WOL0EDZ9,2,2,http://www.wikidata.org/wiki/Q515716
0UMSK1IA,1,0,http://www.wikidata.org/wiki/Q19869711
0UMSK1IA,1,1,http://www.wikidata.org/wiki/Q853475
0UMSK1IA,1,2,http://www.wikidata.org/wiki/Q199821
0UMSK1IA,1,3,http://www.wikidata.org/wiki/Q739
0UMSK1IA,2,0,http://www.wikidata.org/wiki/Q18164528
0UMSK1IA,2,1,http://www.wikidata.org/wiki/Q205602
0UMSK1IA,2,2,http://www.wikidata.org/wiki/Q227
0UMSK1IA,2,3,http://www.wikidata.org/wiki/Q227
96QM3IA7,1,0,http://www.wikidata.org/wiki/Q1092267
96QM3IA7,2,0,http://www.wikidata.org/wiki/Q955526
8MWJ61CJ,1,0,http://www.wikidata.org/wiki/Q55611916
8MWJ61CJ,1,1,http://www.wikidata.org/wiki/Q624232
8MWJ61CJ,1,2,http://www.wikidata.org/wiki/Q9212
8MWJ61CJ,2,0,http://www.wikidata.org/wiki/Q19874179
8MWJ61CJ,2,1,http://www.wikidata.org/wiki/Q570600
8MWJ61CJ,2,2,http://www.wikidata.org/wiki/Q7373696
N70GU7P2,1,0,http://www.wikidata.org/wiki/Q722
N70GU7P2,2,0,http://www.wikidata.org/wiki/Q722
KM56BT66,1,0,http://www.wikidata.org/wiki/Q120730
KM56BT66,2,0,http://www.wikidata.org/wiki/Q81863
MOW8GIVO,1,0,http://www.wikidata.org/wiki/Q724913
MOW8GIVO,2,0,http://www.wikidata.org/wiki/Q724913
CDM11SHU,1,0,http://www.wikidata.org/wiki/Q5136249
CDM11SHU,1,1,http://www.wikidata.org/wiki/Q2736
CDM11SHU,1,2,http://www.wikidata.org/wiki/Q848642
CDM11SHU,2,0,http://www.wikidata.org/wiki/Q5136145
CDM11SHU,2,1,http://www.wikidata.org/wiki/Q2736
CDM11SHU,2,2,http://www.wikidata.org/wiki/Q1030194
5WROC2TJ,1,0,http://www.wikidata.org/wiki/Q1115
5WROC2TJ,2,0,http://www.wikidata.org/wiki/Q10862452
CCB3LNNJ,1,0,http://www.wikidata.org/wiki/Q2153831
CCB3LNNJ,1,1,http://www.wikidata.org/wiki/Q2094098
CCB3LNNJ,2,0,http://www.wikidata.org/wiki/Q4382268
CCB3LNNJ,2,1,http://www.wikidata.org/wiki/Q1336200
Q9Y1IIJA,1,0,http://www.wikidata.org/wiki/Q1108
Q9Y1IIJA,2,0,http://www.wikidata.org/wiki/Q1108
SV7SNLAZ,1,0,http://www.wikidata.org/wiki/Q1046223
SV7SNLAZ,1,1,http://www.wikidata.org/wiki/Q502163
SV7SNLAZ,2,0,http://www.wikidata.org/wiki/Q322875
SV7SNLAZ,2,1,http://www.wikidata.org/wiki/Q460501
TYJDORHC,1,0,http://www.wikidata.org/wiki/Q1521924
TYJDORHC,1,2,http://www.wikidata.org/wiki/Q2998064
TYJDORHC,2,0,http://www.wikidata.org/wiki/Q223079
TYJDORHC,2,2,http://www.wikidata.org/wiki/Q223079
1A740RFR,1,0,http://www.wikidata.org/wiki/Q19606309
1A740RFR,1,2,http://www.wikidata.org/wiki/Q19606309
1A740RFR,2,0,http://www.wikidata.org/wiki/Q1683829
1A740RFR,2,2,http://www.wikidata.org/wiki/Q23047469
PXBA5WDQ,1,0,http://www.wikidata.org/wiki/Q1328529
PXBA5WDQ,1,1,http://www.wikidata.org/wiki/Q929459
PXBA5WDQ,1,2,http://www.wikidata.org/wiki/Q3482590
PXBA5WDQ,2,0,http://www.wikidata.org/wiki/Q7247497
PXBA5WDQ,2,1,http://www.wikidata.org/wiki/Q1000757
PXBA5WDQ,2,2,http://www.wikidata.org/wiki/Q58929
VPVOC1V2,1,0,http://www.wikidata.org/wiki/Q690992
VPVOC1V2,2,0,http://www.wikidata.org/wiki/Q2066970
E2JDF28U,1,0,http://www.wikidata.org/wiki/Q5687
E2JDF28U,2,0,http://www.wikidata.org/wiki/Q7697543
PEPNFIHJ,1,0,http://www.wikidata.org/wiki/Q2595833
PEPNFIHJ,1,1,http://www.wikidata.org/wiki/Q1762119
PEPNFIHJ,1,2,http://www.wikidata.org/wiki/Q220979
PEPNFIHJ,2,0,http://www.wikidata.org/wiki/Q1067870
PEPNFIHJ,2,1,http://www.wikidata.org/wiki/Q388310
PEPNFIHJ,2,2,http://www.wikidata.org/wiki/Q220979
L6UCBZOH,1,0,http://www.wikidata.org/wiki/Q1138649
L6UCBZOH,2,0,http://www.wikidata.org/wiki/Q1194776
KSFDP4V0,1,0,http://www.wikidata.org/wiki/Q2931785
KSFDP4V0,1,1,http://www.wikidata.org/wiki/Q165715
KSFDP4V0,2,0,http://www.wikidata.org/wiki/Q306072
KSFDP4V0,2,1,http://www.wikidata.org/wiki/Q306072
RF7F3XM2,1,0,http://www.wikidata.org/wiki/Q221259
RF7F3XM2,1,1,http://www.wikidata.org/wiki/Q5367
RF7F3XM2,1,2,http://www.wikidata.org/wiki/Q221259
RF7F3XM2,2,0,http://www.wikidata.org/wiki/Q1080427
RF7F3XM2,2,1,http://www.wikidata.org/wiki/Q5367
RF7F3XM2,2,2,http://www.wikidata.org/wiki/Q3114329
4Y1LFSC0,1,0,http://www.wikidata.org/wiki/Q202560
4Y1LFSC0,1,1,http://www.wikidata.org/wiki/Q916475
4Y1LFSC0,1,2,http://www.wikidata.org/wiki/Q202560
4Y1LFSC0,1,3,http://www.wikidata.org/wiki/Q677
4Y1LFSC0,1,4,http://www.wikidata.org/wiki/Q142
4Y1LFSC0,2,0,http://www.wikidata.org/wiki/Q188780
4Y1LFSC0,2,1,http://www.wikidata.org/wiki/Q916475
4Y1LFSC0,2,2,http://www.wikidata.org/wiki/Q188780
4Y1LFSC0,2,3,http://www.wikidata.org/wiki/Q287
4Y1LFSC0,2,4,http://www.wikidata.org/wiki/Q142
HLF409VQ,1,0,http://www.wikidata.org/wiki/Q1819
HLF409VQ,2,0,http://www.wikidata.org/wiki/Q1819
ODPLFZ6C,1,0,http://www.wikidata.org/wiki/Q6046693
ODPLFZ6C,1,1,http://www.wikidata.org/wiki/Q1973
ODPLFZ6C,2,0,http://www.wikidata.org/wiki/Q7372239
ODPLFZ6C,2,1,http://www.wikidata.org/wiki/Q182814
L6NP2KV8,1,0,http://www.wikidata.org/wiki/Q1018882
L6NP2KV8,2,0,http://www.wikidata.org/wiki/Q935545
DIIND9UF,1,0,http://www.wikidata.org/wiki/Q3768819
DIIND9UF,2,0,http://www.wikidata.org/wiki/Q934877
F6C0TD7P,1,0,http://www.wikidata.org/wiki/Q328539
F6C0TD7P,1,1,http://www.wikidata.org/wiki/Q328539
F6C0TD7P,1,2,http://www.wikidata.org/wiki/Q7291
F6C0TD7P,2,0,http://www.wikidata.org/wiki/Q328539
F6C0TD7P,2,1,http://www.wikidata.org/wiki/Q328539
F6C0TD7P,2,2,http://www.wikidata.org/wiki/Q7291
QSVN9W94,1,0,http://www.wikidata.org/wiki/Q1433206
QSVN9W94,1,1,http://www.wikidata.org/wiki/Q385405
QSVN9W94,1,2,http://www.wikidata.org/wiki/Q1433206
QSVN9W94,2,0,http://www.wikidata.org/wiki/Q385405
QSVN9W94,2,1,http://www.wikidata.org/wiki/Q385405
QSVN9W94,2,2,http://www.wikidata.org/wiki/Q1984245
0PHI00BL,1,0,http://www.wikidata.org/wiki/Q16919595
0PHI00BL,2,0,http://www.wikidata.org/wiki/Q75380
MO14N8DW,1,0,http://www.wikidata.org/wiki/Q384330
MO14N8DW,2,0,http://www.wikidata.org/wiki/Q510786
DNZUL6SR,1,0,http://www.wikidata.org/wiki/Q65059734
DNZUL6SR,2,0,http://www.wikidata.org/wiki/Q490731
SY06ND0O,1,0,http://www.wikidata.org/wiki/Q19879408
SY06ND0O,1,2,http://www.wikidata.org/wiki/Q24191504
SY06ND0O,2,0,http://www.wikidata.org/wiki/Q16851824
SY06ND0O,2,2,http://www.wikidata.org/wiki/Q6314180
MB3AZLUT,1,0,http://www.wikidata.org/wiki/Q4599216
MB3AZLUT,1,2,http://www.wikidata.org/wiki/Q4600620
MB3AZLUT,2,0,http://www.wikidata.org/wiki/Q4597954
MB3AZLUT,2,2,http://www.wikidata.org/wiki/Q4599216
D1551SQW,1,0,http://www.wikidata.org/wiki/Q27791998
D1551SQW,1,2,http://www.wikidata.org/wiki/Q174
D1551SQW,2,0,http://www.wikidata.org/wiki/Q27876724
D1551SQW,2,2,http://www.wikidata.org/wiki/Q174
OJP797TQ,1,0,http://www.wikidata.org/wiki/Q5364172
OJP797TQ,2,0,http://www.wikidata.org/wiki/Q2563840
EF44WE57,1,0,http://www.wikidata.org/wiki/Q8077755
EF44WE57,2,0,http://www.wikidata.org/wiki/Q2296272
QUVE25Y9,1,0,http://www.wikidata.org/wiki/Q16829105
QUVE25Y9,1,2,http://www.wikidata.org/wiki/Q27940503
QUVE25Y9,2,0,http://www.wikidata.org/wiki/Q5904
QUVE25Y9,2,2,http://www.wikidata.org/wiki/Q17112155
0R6SPHNH,1,0,http://www.wikidata.org/wiki/Q171629
0R6SPHNH,1,1,http://www.wikidata.org/wiki/Q173099
0R6SPHNH,1,3,http://www.wikidata.org/wiki/Q3137
0R6SPHNH,2,0,http://www.wikidata.org/wiki/Q171785
0R6SPHNH,2,1,http://www.wikidata.org/wiki/Q1489
0R6SPHNH,2,3,http://www.wikidata.org/wiki/Q3128
54A5TUES,1,0,http://www.wikidata.org/wiki/Q328539
54A5TUES,1,1,http://www.wikidata.org/wiki/Q328539
54A5TUES,1,2,http://www.wikidata.org/wiki/Q7291
54A5TUES,2,0,http://www.wikidata.org/wiki/Q328539
54A5TUES,2,1,http://www.wikidata.org/wiki/Q328539
54A5TUES,2,2,http://www.wikidata.org/wiki/Q7291
ZS1R32BT,1,0,http://www.wikidata.org/wiki/Q13518
ZS1R32BT,2,0,http://www.wikidata.org/wiki/Q24413
I6B9E39Z,1,0,http://www.wikidata.org/wiki/Q702031
I6B9E39Z,1,1,http://www.wikidata.org/wiki/Q48320
I6B9E39Z,1,2,http://www.wikidata.org/wiki/Q1543757
I6B9E39Z,2,0,http://www.wikidata.org/wiki/Q3489306
I6B9E39Z,2,1,http://www.wikidata.org/wiki/Q1490
I6B9E39Z,2,2,http://www.wikidata.org/wiki/Q2268766
1HCYUNQA,1,0,http://www.wikidata.org/wiki/Q20914954
1HCYUNQA,1,1,http://www.wikidata.org/wiki/Q466977
1HCYUNQA,1,2,http://www.wikidata.org/wiki/Q55393594
1HCYUNQA,2,0,http://www.wikidata.org/wiki/Q22075480
1HCYUNQA,2,1,http://www.wikidata.org/wiki/Q466977
1HCYUNQA,2,2,http://www.wikidata.org/wiki/Q43881401
WSDJC1IW,1,0,http://www.wikidata.org/wiki/Q12154902
WSDJC1IW,1,1,http://www.wikidata.org/wiki/Q774515
WSDJC1IW,1,2,http://www.wikidata.org/wiki/Q263296
WSDJC1IW,2,0,http://www.wikidata.org/wiki/Q1154782
WSDJC1IW,2,1,http://www.wikidata.org/wiki/Q2657718
WSDJC1IW,2,2,http://www.wikidata.org/wiki/Q749883
QKBN04TG,1,0,http://www.wikidata.org/wiki/Q2449889
QKBN04TG,2,0,http://www.wikidata.org/wiki/Q3332564
GWHR44DZ,1,0,http://www.wikidata.org/wiki/Q14579
GWHR44DZ,1,1,http://www.wikidata.org/wiki/Q16980
GWHR44DZ,1,2,http://www.wikidata.org/wiki/Q388
GWHR44DZ,2,0,http://www.wikidata.org/wiki/Q265158
GWHR44DZ,2,1,http://www.wikidata.org/wiki/Q466
GWHR44DZ,2,2,http://www.wikidata.org/wiki/Q161410
KV3LAMRM,1,0,http://www.wikidata.org/wiki/Q292606
KV3LAMRM,1,1,http://www.wikidata.org/wiki/Q6655
KV3LAMRM,2,0,http://www.wikidata.org/wiki/Q1232094
KV3LAMRM,2,1,http://www.wikidata.org/wiki/Q48964832
OF2C2SBB,1,0,http://www.wikidata.org/wiki/Q3150236
XTZD5QSU,1,0,http://www.wikidata.org/wiki/Q379660
XTZD5QSU,1,1,http://www.wikidata.org/wiki/Q2086913
XTZD5QSU,2,0,http://www.wikidata.org/wiki/Q379657
XTZD5QSU,2,1,http://www.wikidata.org/wiki/Q2086913
ZF8FU0NY,1,0,http://www.wikidata.org/wiki/Q7418298
ZF8FU0NY,1,1,http://www.wikidata.org/wiki/Q2802000
ZF8FU0NY,1,2,http://www.wikidata.org/wiki/Q6975867
ZF8FU0NY,2,0,http://www.wikidata.org/wiki/Q7653994
ZF8FU0NY,2,1,http://www.wikidata.org/wiki/Q1020951
ZF8FU0NY,2,2,http://www.wikidata.org/wiki/Q219538
UWTN9EPP,1,0,http://www.wikidata.org/wiki/Q1385
UWTN9EPP,1,2,http://www.wikidata.org/wiki/Q1112
UWTN9EPP,2,0,http://www.wikidata.org/wiki/Q180436
UWTN9EPP,2,2,http://www.wikidata.org/wiki/Q1386
YW6LFYUE,1,0,http://www.wikidata.org/wiki/Q467784
YW6LFYUE,1,1,http://www.wikidata.org/wiki/Q394742
YW6LFYUE,1,2,http://www.wikidata.org/wiki/Q35722
YW6LFYUE,2,0,http://www.wikidata.org/wiki/Q26752
YW6LFYUE,2,1,http://www.wikidata.org/wiki/Q26752
YW6LFYUE,2,2,http://www.wikidata.org/wiki/Q36734
YW6LFYUE,3,0,http://www.wikidata.org/wiki/Q321083
YW6LFYUE,3,1,http://www.wikidata.org/wiki/Q321083
YW6LFYUE,3,2,http://www.wikidata.org/wiki/Q36155
D2TM9RIM,1,0,http://www.wikidata.org/wiki/Q7053789
D2TM9RIM,2,0,http://www.wikidata.org/wiki/Q1266964
XRD5WLMG,1,0,http://www.wikidata.org/wiki/Q667
XRD5WLMG,2,0,http://www.wikidata.org/wiki/Q48837
R9UJ523W,1,0,http://www.wikidata.org/wiki/Q2891278
R9UJ523W,1,1,http://www.wikidata.org/wiki/Q56239719
R9UJ523W,1,2,http://www.wikidata.org/wiki/Q986431
R9UJ523W,2,0,http://www.wikidata.org/wiki/Q15274187
R9UJ523W,2,1,http://www.wikidata.org/wiki/Q18619072
R9UJ523W,2,2,http://www.wikidata.org/wiki/Q17003080
V1PTEBD4,1,0,http://www.wikidata.org/wiki/Q18218046
V1PTEBD4,2,0,http://www.wikidata.org/wiki/Q21934062
XJ9DW8I6,1,0,http://www.wikidata.org/wiki/Q897
XJ9DW8I6,2,0,http://www.wikidata.org/wiki/Q897
XJ9DW8I6,3,0,http://www.wikidata.org/wiki/Q897
33GN0EOJ,1,0,http://www.wikidata.org/wiki/Q15984
33GN0EOJ,2,0,http://www.wikidata.org/wiki/Q509353
567HTRSM,1,0,http://www.wikidata.org/wiki/Q6136040
567HTRSM,1,1,http://www.wikidata.org/wiki/Q82610
567HTRSM,1,2,http://www.wikidata.org/wiki/Q11220
567HTRSM,1,3,http://www.wikidata.org/wiki/Q1142489
567HTRSM,2,0,http://www.wikidata.org/wiki/Q7872216
567HTRSM,2,1,http://www.wikidata.org/wiki/Q82610
567HTRSM,2,2,http://www.wikidata.org/wiki/Q11220
567HTRSM,2,3,http://www.wikidata.org/wiki/Q1142489
91C2MGLK,1,0,http://www.wikidata.org/wiki/Q4637513
91C2MGLK,2,0,http://www.wikidata.org/wiki/Q1154966
5Y9AKBK1,1,0,http://www.wikidata.org/wiki/Q43310
5Y9AKBK1,2,0,http://www.wikidata.org/wiki/Q16838718
FJ7Q9D3W,1,0,http://www.wikidata.org/wiki/Q1373644
FJ7Q9D3W,1,1,http://www.wikidata.org/wiki/Q3014183
FJ7Q9D3W,1,2,http://www.wikidata.org/wiki/Q74574
FJ7Q9D3W,2,0,http://www.wikidata.org/wiki/Q7564389
FJ7Q9D3W,2,1,http://www.wikidata.org/wiki/Q5534340
FJ7Q9D3W,2,2,http://www.wikidata.org/wiki/Q131539
DGXDLKW9,1,0,http://www.wikidata.org/wiki/Q643660
DGXDLKW9,1,1,http://www.wikidata.org/wiki/Q110
DGXDLKW9,1,2,http://www.wikidata.org/wiki/Q268628
DGXDLKW9,1,4,http://www.wikidata.org/wiki/Q2736
DGXDLKW9,2,0,http://www.wikidata.org/wiki/Q591412
DGXDLKW9,2,1,http://www.wikidata.org/wiki/Q122
DGXDLKW9,2,2,http://www.wikidata.org/wiki/Q213116
DGXDLKW9,2,4,http://www.wikidata.org/wiki/Q2736
1XSMBEOD,1,0,http://www.wikidata.org/wiki/Q622423
1XSMBEOD,1,1,http://www.wikidata.org/wiki/Q622423
1XSMBEOD,2,0,http://www.wikidata.org/wiki/Q622423
1XSMBEOD,2,1,http://www.wikidata.org/wiki/Q622423
930PUHND,1,0,http://www.wikidata.org/wiki/Q1492
930PUHND,1,2,http://www.wikidata.org/wiki/Q16991886
930PUHND,2,0,http://www.wikidata.org/wiki/Q659516
930PUHND,2,2,http://www.wikidata.org/wiki/Q1020776
Y6L3ZDN5,1,0,http://www.wikidata.org/wiki/Q3834
Y6L3ZDN5,2,0,http://www.wikidata.org/wiki/Q8200
UFAA7QQC,1,0,http://www.wikidata.org/wiki/Q279745
UFAA7QQC,2,0,http://www.wikidata.org/wiki/Q246986
95WCTZX3,1,0,http://www.wikidata.org/wiki/Q1280666
95WCTZX3,1,1,http://www.wikidata.org/wiki/Q1065893
95WCTZX3,2,0,http://www.wikidata.org/wiki/Q1269925
95WCTZX3,2,1,http://www.wikidata.org/wiki/Q274245
YMZZJ120,1,0,http://www.wikidata.org/wiki/Q29561360
YMZZJ120,2,0,http://www.wikidata.org/wiki/Q24185530
D7QT8XNX,1,0,http://www.wikidata.org/wiki/Q15224005
D7QT8XNX,2,0,http://www.wikidata.org/wiki/Q2100730
5SFOBVJG,1,0,http://www.wikidata.org/wiki/Q1778838
5SFOBVJG,1,2,http://www.wikidata.org/wiki/Q1778838
5SFOBVJG,2,0,http://www.wikidata.org/wiki/Q156684
5SFOBVJG,2,2,http://www.wikidata.org/wiki/Q1502747
PW147B34,1,0,http://www.wikidata.org/wiki/Q7607505
PW147B34,1,1,http://www.wikidata.org/wiki/Q1061635
PW147B34,1,2,http://www.wikidata.org/wiki/Q1406
PW147B34,1,3,http://www.wikidata.org/wiki/Q1713118
PW147B34,2,0,http://www.wikidata.org/wiki/Q13515735
PW147B34,2,1,http://www.wikidata.org/wiki/Q336
PW147B34,2,2,http://www.wikidata.org/wiki/Q388
PW147B34,2,3,http://www.wikidata.org/wiki/Q182933
OPCT5R6F,1,0,http://www.wikidata.org/wiki/Q324
OPCT5R6F,1,2,http://www.wikidata.org/wiki/Q795822
OPCT5R6F,2,0,http://www.wikidata.org/wiki/Q2353889
OPCT5R6F,2,2,http://www.wikidata.org/wiki/Q1491836
CG2BC1ON,1,0,http://www.wikidata.org/wiki/Q471969
CG2BC1ON,2,0,http://www.wikidata.org/wiki/Q12208
77P70LTJ,1,0,http://www.wikidata.org/wiki/Q5062335
77P70LTJ,1,1,http://www.wikidata.org/wiki/Q280413
77P70LTJ,1,2,http://www.wikidata.org/wiki/Q29033372
77P70LTJ,2,0,http://www.wikidata.org/wiki/Q3214403
77P70LTJ,2,1,http://www.wikidata.org/wiki/Q280413
77P70LTJ,2,2,http://www.wikidata.org/wiki/Q280413
H8R87M2V,1,0,http://www.wikidata.org/wiki/Q184090
H8R87M2V,2,0,http://www.wikidata.org/wiki/Q179351
TQ9NX5DC,1,0,http://www.wikidata.org/wiki/Q797
TQ9NX5DC,2,0,http://www.wikidata.org/wiki/Q782
KYUYM35O,1,0,http://www.wikidata.org/wiki/Q35710122
KYUYM35O,1,1,http://www.wikidata.org/wiki/Q5175058
KYUYM35O,1,2,http://www.wikidata.org/wiki/Q7063280
KYUYM35O,2,0,http://www.wikidata.org/wiki/Q24962438
KYUYM35O,2,1,http://www.wikidata.org/wiki/Q1370665
KYUYM35O,2,2,http://www.wikidata.org/wiki/Q24962438
3TD4PM94,1,0,http://www.wikidata.org/wiki/Q2587506
3TD4PM94,2,0,http://www.wikidata.org/wiki/Q6909343
QDEIQCVQ,1,0,http://www.wikidata.org/wiki/Q16679864
QDEIQCVQ,1,2,http://www.wikidata.org/wiki/Q22348500
QDEIQCVQ,2,0,http://www.wikidata.org/wiki/Q60963675
QDEIQCVQ,2,2,http://www.wikidata.org/wiki/Q2141595
YOJXHBHK,1,0,http://www.wikidata.org/wiki/Q663
YOJXHBHK,2,0,http://www.wikidata.org/wiki/Q1388
XAKZAMHS,1,0,http://www.wikidata.org/wiki/Q1003631
XAKZAMHS,1,2,http://www.wikidata.org/wiki/Q1003889
XAKZAMHS,2,0,http://www.wikidata.org/wiki/Q1003631
XAKZAMHS,2,2,http://www.wikidata.org/wiki/Q799312
R15RKIHP,1,0,http://www.wikidata.org/wiki/Q1013353
R15RKIHP,1,1,http://www.wikidata.org/wiki/Q46169
R15RKIHP,2,0,http://www.wikidata.org/wiki/Q774464
R15RKIHP,2,1,http://www.wikidata.org/wiki/Q46169
ZV5I1XYL,1,0,http://www.wikidata.org/wiki/Q595242
ZV5I1XYL,1,1,http://www.wikidata.org/wiki/Q69118
ZV5I1XYL,2,0,http://www.wikidata.org/wiki/Q171867
ZV5I1XYL,2,1,http://www.wikidata.org/wiki/Q62608
ZUNC82EB,1,0,http://www.wikidata.org/wiki/Q447046
ZUNC82EB,2,0,http://www.wikidata.org/wiki/Q809479
4LQCMJGL,1,0,http://www.wikidata.org/wiki/Q942240
4LQCMJGL,1,1,http://www.wikidata.org/wiki/Q942240
4LQCMJGL,2,0,http://www.wikidata.org/wiki/Q196559
4LQCMJGL,2,1,http://www.wikidata.org/wiki/Q2772775
86GABVZ4,1,0,http://www.wikidata.org/wiki/Q11271573
86GABVZ4,1,1,http://www.wikidata.org/wiki/Q1348944
86GABVZ4,1,2,http://www.wikidata.org/wiki/Q9259
86GABVZ4,2,0,http://www.wikidata.org/wiki/Q11489258
86GABVZ4,2,1,http://www.wikidata.org/wiki/Q1348944
86GABVZ4,2,2,http://www.wikidata.org/wiki/Q9259
ECZYH1B4,1,0,http://www.wikidata.org/wiki/Q4618291
ECZYH1B4,1,1,http://www.wikidata.org/wiki/Q196033
ECZYH1B4,1,2,http://www.wikidata.org/wiki/Q726
ECZYH1B4,2,0,http://www.wikidata.org/wiki/Q2392121
ECZYH1B4,2,1,http://www.wikidata.org/wiki/Q1137237
ECZYH1B4,2,2,http://www.wikidata.org/wiki/Q182154
ECZYH1B4,3,0,http://www.wikidata.org/wiki/Q2275664
ECZYH1B4,3,1,http://www.wikidata.org/wiki/Q115541
ECZYH1B4,3,2,http://www.wikidata.org/wiki/Q182154
VTS904PS,1,0,http://www.wikidata.org/wiki/Q807915
VTS904PS,1,1,http://www.wikidata.org/wiki/Q41508
VTS904PS,1,2,http://www.wikidata.org/wiki/Q29
VTS904PS,1,3,http://www.wikidata.org/wiki/Q753075
VTS904PS,2,0,http://www.wikidata.org/wiki/Q1191599
VTS904PS,2,1,http://www.wikidata.org/wiki/Q351891
VTS904PS,2,2,http://www.wikidata.org/wiki/Q34
VTS904PS,2,3,http://www.wikidata.org/wiki/Q653726
VC79HSHP,1,0,http://www.wikidata.org/wiki/Q1365823
VC79HSHP,1,1,http://www.wikidata.org/wiki/Q1012434
VC79HSHP,2,0,http://www.wikidata.org/wiki/Q242977
VC79HSHP,2,1,http://www.wikidata.org/wiki/Q7148323
VC79HSHP,3,0,http://www.wikidata.org/wiki/Q1207122
VC79HSHP,3,1,http://www.wikidata.org/wiki/Q856772
X1DT4EJC,1,0,http://www.wikidata.org/wiki/Q1888
X1DT4EJC,2,0,http://www.wikidata.org/wiki/Q1888
NL30AKMU,1,0,http://www.wikidata.org/wiki/Q3488737
NL30AKMU,1,1,http://www.wikidata.org/wiki/Q3488737
NL30AKMU,1,2,http://www.wikidata.org/wiki/Q7373223
NL30AKMU,2,0,http://www.wikidata.org/wiki/Q2538518
NL30AKMU,2,1,http://www.wikidata.org/wiki/Q24885177
NL30AKMU,2,2,http://www.wikidata.org/wiki/Q2538518
YJ8PK9BC,1,0,http://www.wikidata.org/wiki/Q17089547
YJ8PK9BC,1,1,http://www.wikidata.org/wiki/Q188320
YJ8PK9BC,1,2,http://www.wikidata.org/wiki/Q155
YJ8PK9BC,2,0,http://www.wikidata.org/wiki/Q1288250
YJ8PK9BC,2,1,http://www.wikidata.org/wiki/Q1288250
YJ8PK9BC,2,2,http://www.wikidata.org/wiki/Q22890
DNJDJ0YY,1,0,http://www.wikidata.org/wiki/Q764754
DNJDJ0YY,2,0,http://www.wikidata.org/wiki/Q285964
ATRP32AY,1,0,http://www.wikidata.org/wiki/Q171904
ATRP32AY,1,1,http://www.wikidata.org/wiki/Q69387
ATRP32AY,1,2,http://www.wikidata.org/wiki/Q142
ATRP32AY,1,3,http://www.wikidata.org/wiki/Q171424
ATRP32AY,2,0,http://www.wikidata.org/wiki/Q732835
ATRP32AY,2,1,http://www.wikidata.org/wiki/Q69375
ATRP32AY,2,2,http://www.wikidata.org/wiki/Q142
ATRP32AY,2,3,http://www.wikidata.org/wiki/Q171424
X9NL2EXZ,1,0,http://www.wikidata.org/wiki/Q1086
X9NL2EXZ,2,0,http://www.wikidata.org/wiki/Q1086
O34UUFJA,1,0,http://www.wikidata.org/wiki/Q1183156
O34UUFJA,1,1,http://www.wikidata.org/wiki/Q34636
O34UUFJA,1,2,http://www.wikidata.org/wiki/Q11691318
O34UUFJA,2,0,http://www.wikidata.org/wiki/Q377882
O34UUFJA,2,1,http://www.wikidata.org/wiki/Q176483
O34UUFJA,2,2,http://www.wikidata.org/wiki/Q916475
DN7S8E8U,1,0,http://www.wikidata.org/wiki/Q7332357
DN7S8E8U,1,1,http://www.wikidata.org/wiki/Q1479784
DN7S8E8U,1,2,http://www.wikidata.org/wiki/Q579854
DN7S8E8U,2,0,http://www.wikidata.org/wiki/Q3860284
DN7S8E8U,2,1,http://www.wikidata.org/wiki/Q52427
DN7S8E8U,2,2,http://www.wikidata.org/wiki/Q52427
BW1SI608,1,0,http://www.wikidata.org/wiki/Q2025083
BW1SI608,2,0,http://www.wikidata.org/wiki/Q2025054
AP0SWW5I,1,0,http://www.wikidata.org/wiki/Q1753254
AP0SWW5I,1,1,http://www.wikidata.org/wiki/Q3537922
AP0SWW5I,1,2,http://www.wikidata.org/wiki/Q1999572
AP0SWW5I,2,0,http://www.wikidata.org/wiki/Q1425645
AP0SWW5I,2,1,http://www.wikidata.org/wiki/Q3488204
AP0SWW5I,2,2,http://www.wikidata.org/wiki/Q1999572
VTRN1JGS,1,0,http://www.wikidata.org/wiki/Q155907
VTRN1JGS,1,1,http://www.wikidata.org/wiki/Q167
VTRN1JGS,1,2,http://www.wikidata.org/wiki/Q155907
VTRN1JGS,2,0,http://www.wikidata.org/wiki/Q181328
VTRN1JGS,2,1,http://www.wikidata.org/wiki/Q29539
VTRN1JGS,2,2,http://www.wikidata.org/wiki/Q122366
PTKYUH5U,1,0,http://www.wikidata.org/wiki/Q59178
PTKYUH5U,2,0,http://www.wikidata.org/wiki/Q188854
36JL1BXS,1,0,http://www.wikidata.org/wiki/Q2103991
36JL1BXS,1,1,http://www.wikidata.org/wiki/Q917562
36JL1BXS,1,2,http://www.wikidata.org/wiki/Q1125499
36JL1BXS,2,0,http://www.wikidata.org/wiki/Q917562
36JL1BXS,2,1,http://www.wikidata.org/wiki/Q917562
36JL1BXS,2,2,http://www.wikidata.org/wiki/Q1125499
4VLRTY20,1,0,http://www.wikidata.org/wiki/Q753
4VLRTY20,2,0,http://www.wikidata.org/wiki/Q753
J0QQILBE,1,0,http://www.wikidata.org/wiki/Q996094
J0QQILBE,2,0,http://www.wikidata.org/wiki/Q888749
YUS6N7C4,1,0,http://www.wikidata.org/wiki/Q504019
YUS6N7C4,1,1,http://www.wikidata.org/wiki/Q812412
YUS6N7C4,2,0,http://www.wikidata.org/wiki/Q480477
YUS6N7C4,2,1,http://www.wikidata.org/wiki/Q812412
WRBKWP6J,1,0,http://www.wikidata.org/wiki/Q461
WRBKWP6J,2,0,http://www.wikidata.org/wiki/Q907311
TAD5AWQF,1,0,http://www.wikidata.org/wiki/Q28945791
TAD5AWQF,1,1,http://www.wikidata.org/wiki/Q35032
TAD5AWQF,1,2,http://www.wikidata.org/wiki/Q649
TAD5AWQF,1,3,http://www.wikidata.org/wiki/Q2331837
TAD5AWQF,2,0,http://www.wikidata.org/wiki/Q1290986
TAD5AWQF,2,1,http://www.wikidata.org/wiki/Q188814
TAD5AWQF,2,2,http://www.wikidata.org/wiki/Q288065
TAD5AWQF,2,3,http://www.wikidata.org/wiki/Q3323436
15UPLCSW,1,0,http://www.wikidata.org/wiki/Q5305022
15UPLCSW,2,0,http://www.wikidata.org/wiki/Q1759633
PV5N9WQ2,1,0,http://www.wikidata.org/wiki/Q915954
PV5N9WQ2,2,0,http://www.wikidata.org/wiki/Q39121
CQIG14U5,1,0,http://www.wikidata.org/wiki/Q24884463
CQIG14U5,1,1,http://www.wikidata.org/wiki/Q60346
CQIG14U5,2,0,http://www.wikidata.org/wiki/Q17084036
CQIG14U5,2,1,http://www.wikidata.org/wiki/Q60346
VOQDO163,1,0,http://www.wikidata.org/wiki/Q115556
VOQDO163,2,0,http://www.wikidata.org/wiki/Q110187
7VQRKWF6,1,0,http://www.wikidata.org/wiki/Q1516907
7VQRKWF6,2,0,http://www.wikidata.org/wiki/Q837848
0TXRVPZA,1,0,http://www.wikidata.org/wiki/Q996954
0TXRVPZA,1,1,http://www.wikidata.org/wiki/Q864897
0TXRVPZA,1,2,http://www.wikidata.org/wiki/Q838284
0TXRVPZA,1,3,http://www.wikidata.org/wiki/Q110
0TXRVPZA,2,0,http://www.wikidata.org/wiki/Q729477
0TXRVPZA,2,1,http://www.wikidata.org/wiki/Q3609
0TXRVPZA,2,2,http://www.wikidata.org/wiki/Q12549
0TXRVPZA,2,3,http://www.wikidata.org/wiki/Q30682620
Z7DQMDYA,1,0,http://www.wikidata.org/wiki/Q1975720
Z7DQMDYA,2,0,http://www.wikidata.org/wiki/Q886485
E3V1L7QG,1,0,http://www.wikidata.org/wiki/Q941
E3V1L7QG,2,0,http://www.wikidata.org/wiki/Q941
W133CO9K,1,0,http://www.wikidata.org/wiki/Q21162
W133CO9K,2,0,http://www.wikidata.org/wiki/Q4847704
0DYRKX3V,1,0,http://www.wikidata.org/wiki/Q47896
0DYRKX3V,1,1,http://www.wikidata.org/wiki/Q43175
0DYRKX3V,1,2,http://www.wikidata.org/wiki/Q1537326
0DYRKX3V,2,0,http://www.wikidata.org/wiki/Q44843
0DYRKX3V,2,1,http://www.wikidata.org/wiki/Q43175
0DYRKX3V,2,2,http://www.wikidata.org/wiki/Q11421449
N74NI5N0,1,0,http://www.wikidata.org/wiki/Q1940269
N74NI5N0,1,1,http://www.wikidata.org/wiki/Q239303
N74NI5N0,1,2,http://www.wikidata.org/wiki/Q1042768
N74NI5N0,2,0,http://www.wikidata.org/wiki/Q58843
N74NI5N0,2,1,http://www.wikidata.org/wiki/Q632682
N74NI5N0,2,2,http://www.wikidata.org/wiki/Q45315
DRFJK5ZX,1,0,http://www.wikidata.org/wiki/Q753
DRFJK5ZX,1,1,http://www.wikidata.org/wiki/Q753
DRFJK5ZX,2,0,http://www.wikidata.org/wiki/Q753
DRFJK5ZX,2,1,http://www.wikidata.org/wiki/Q753
DRFJK5ZX,3,0,http://www.wikidata.org/wiki/Q2529274
DRFJK5ZX,3,1,http://www.wikidata.org/wiki/Q753
N3Z9O5BA,1,0,http://www.wikidata.org/wiki/Q1036216
N3Z9O5BA,2,0,http://www.wikidata.org/wiki/Q34356
LFW88UP6,1,0,http://www.wikidata.org/wiki/Q1090764
LFW88UP6,1,1,http://www.wikidata.org/wiki/Q373969
LFW88UP6,1,2,http://www.wikidata.org/wiki/Q916475
LFW88UP6,2,0,http://www.wikidata.org/wiki/Q1090716
LFW88UP6,2,1,http://www.wikidata.org/wiki/Q275309
LFW88UP6,2,2,http://www.wikidata.org/wiki/Q916475
LFW88UP6,3,0,http://www.wikidata.org/wiki/Q1090558
LFW88UP6,3,1,http://www.wikidata.org/wiki/Q272528
LFW88UP6,3,2,http://www.wikidata.org/wiki/Q916475
Y7QGWJU8,1,0,http://www.wikidata.org/wiki/Q2275355
Y7QGWJU8,1,1,http://www.wikidata.org/wiki/Q46135
Y7QGWJU8,2,0,http://www.wikidata.org/wiki/Q2977338
Y7QGWJU8,2,1,http://www.wikidata.org/wiki/Q203
S7Q4B2J9,1,0,http://www.wikidata.org/wiki/Q1221287
S7Q4B2J9,1,2,http://www.wikidata.org/wiki/Q1781
S7Q4B2J9,2,0,http://www.wikidata.org/wiki/Q11951304
S7Q4B2J9,2,2,http://www.wikidata.org/wiki/Q1492
RIIJJF2C,1,0,http://www.wikidata.org/wiki/Q63105770
RIIJJF2C,1,1,http://www.wikidata.org/wiki/Q49275187
RIIJJF2C,2,0,http://www.wikidata.org/wiki/Q49275187
RIIJJF2C,2,1,http://www.wikidata.org/wiki/Q29565112
WKF7IXJ9,1,0,http://www.wikidata.org/wiki/Q786110
WKF7IXJ9,1,1,http://www.wikidata.org/wiki/Q29
WKF7IXJ9,1,2,http://www.wikidata.org/wiki/Q786110
WKF7IXJ9,2,0,http://www.wikidata.org/wiki/Q786110
WKF7IXJ9,2,1,http://www.wikidata.org/wiki/Q29
WKF7IXJ9,2,2,http://www.wikidata.org/wiki/Q786110
0HDAA9LO,1,0,http://www.wikidata.org/wiki/Q1109
0HDAA9LO,2,0,http://www.wikidata.org/wiki/Q1109
Y5AA8V2Z,1,0,http://www.wikidata.org/wiki/Q6831646
Y5AA8V2Z,2,0,http://www.wikidata.org/wiki/Q2043088
JO0ZQL4H,1,0,http://www.wikidata.org/wiki/Q2072111
JO0ZQL4H,1,1,http://www.wikidata.org/wiki/Q190686
JO0ZQL4H,1,2,http://www.wikidata.org/wiki/Q40056
JO0ZQL4H,2,0,http://www.wikidata.org/wiki/Q2065456
JO0ZQL4H,2,1,http://www.wikidata.org/wiki/Q190686
JO0ZQL4H,2,2,http://www.wikidata.org/wiki/Q40056
09Z5ITZZ,1,0,http://www.wikidata.org/wiki/Q1141720
09Z5ITZZ,2,0,http://www.wikidata.org/wiki/Q1009440
W3HQJ82T,1,0,http://www.wikidata.org/wiki/Q305007
W3HQJ82T,2,0,http://www.wikidata.org/wiki/Q1359104
R3GVK0V3,1,0,http://www.wikidata.org/wiki/Q3639582
R3GVK0V3,1,1,http://www.wikidata.org/wiki/Q3639582
R3GVK0V3,1,2,http://www.wikidata.org/wiki/Q490
R3GVK0V3,2,0,http://www.wikidata.org/wiki/Q5020447
R3GVK0V3,2,1,http://www.wikidata.org/wiki/Q184478
R3GVK0V3,2,2,http://www.wikidata.org/wiki/Q17042
6NCYQ3W3,1,0,http://www.wikidata.org/wiki/Q458720
6NCYQ3W3,2,0,http://www.wikidata.org/wiki/Q172827
ETGWPD7G,1,0,http://www.wikidata.org/wiki/Q2208662
ETGWPD7G,1,1,http://www.wikidata.org/wiki/Q1401142
ETGWPD7G,1,3,http://www.wikidata.org/wiki/Q490619
ETGWPD7G,2,0,http://www.wikidata.org/wiki/Q1401142
ETGWPD7G,2,1,http://www.wikidata.org/wiki/Q1401142
ETGWPD7G,2,3,http://www.wikidata.org/wiki/Q454639
D62P73S0,1,0,http://www.wikidata.org/wiki/Q23436
D62P73S0,1,2,http://www.wikidata.org/wiki/Q23436
D62P73S0,2,0,http://www.wikidata.org/wiki/Q209142
D62P73S0,2,2,http://www.wikidata.org/wiki/Q4131
KRKRHZW7,1,0,http://www.wikidata.org/wiki/Q12178651
KRKRHZW7,1,1,http://www.wikidata.org/wiki/Q30805
KRKRHZW7,2,0,http://www.wikidata.org/wiki/Q6866455
KRKRHZW7,2,1,http://www.wikidata.org/wiki/Q30805
64R4KY12,1,0,http://www.wikidata.org/wiki/Q46807
64R4KY12,2,0,http://www.wikidata.org/wiki/Q13717
63YYBEJL,1,0,http://www.wikidata.org/wiki/Q8214963
63YYBEJL,2,0,http://www.wikidata.org/wiki/Q3254452
8JE962PA,1,0,http://www.wikidata.org/wiki/Q670
8JE962PA,2,0,http://www.wikidata.org/wiki/Q663
2C6UUN8A,1,0,http://www.wikidata.org/wiki/Q83116
2C6UUN8A,1,1,http://www.wikidata.org/wiki/Q1434732
2C6UUN8A,1,2,http://www.wikidata.org/wiki/Q31
2C6UUN8A,2,0,http://www.wikidata.org/wiki/Q834521
2C6UUN8A,2,1,http://www.wikidata.org/wiki/Q18869
2C6UUN8A,2,2,http://www.wikidata.org/wiki/Q159
TL1K7RTD,1,0,http://www.wikidata.org/wiki/Q338194
TL1K7RTD,2,0,http://www.wikidata.org/wiki/Q311661
8R0WR800,1,0,http://www.wikidata.org/wiki/Q3408351
8R0WR800,2,0,http://www.wikidata.org/wiki/Q3292417
GUW364P0,1,0,http://www.wikidata.org/wiki/Q2141962
GUW364P0,2,0,http://www.wikidata.org/wiki/Q2978
GUW364P0,3,0,http://www.wikidata.org/wiki/Q7312287
GUW364P0,4,0,http://www.wikidata.org/wiki/Q174814
SJG7PC2C,1,0,http://www.wikidata.org/wiki/Q1181846
SJG7PC2C,1,1,http://www.wikidata.org/wiki/Q924299
SJG7PC2C,2,0,http://www.wikidata.org/wiki/Q56691
SJG7PC2C,2,1,http://www.wikidata.org/wiki/Q1345
JQDF4PUM,1,0,http://www.wikidata.org/wiki/Q4986492
JQDF4PUM,1,1,http://www.wikidata.org/wiki/Q48204
JQDF4PUM,1,2,http://www.wikidata.org/wiki/Q103691
JQDF4PUM,2,0,http://www.wikidata.org/wiki/Q489374
JQDF4PUM,2,1,http://www.wikidata.org/wiki/Q48204
JQDF4PUM,2,2,http://www.wikidata.org/wiki/Q103659
BGDWBXTB,1,0,http://www.wikidata.org/wiki/Q25036685
BGDWBXTB,1,1,http://www.wikidata.org/wiki/Q5049289
BGDWBXTB,1,2,http://www.wikidata.org/wiki/Q48837468
BGDWBXTB,1,3,http://www.wikidata.org/wiki/Q1288644
BGDWBXTB,2,0,http://www.wikidata.org/wiki/Q61422
BGDWBXTB,2,1,http://www.wikidata.org/wiki/Q3296078
BGDWBXTB,2,2,http://www.wikidata.org/wiki/Q48837391
BGDWBXTB,2,3,http://www.wikidata.org/wiki/Q1288644
IMGXHD8F,1,0,http://www.wikidata.org/wiki/Q251609
IMGXHD8F,1,1,http://www.wikidata.org/wiki/Q1789476
IMGXHD8F,1,2,http://www.wikidata.org/wiki/Q638
IMGXHD8F,2,0,http://www.wikidata.org/wiki/Q7781629
IMGXHD8F,2,1,http://www.wikidata.org/wiki/Q152388
IMGXHD8F,2,2,http://www.wikidata.org/wiki/Q152388
K3YNUI4G,1,0,http://www.wikidata.org/wiki/Q7207773
K3YNUI4G,2,0,http://www.wikidata.org/wiki/Q7191661
XUZPEV3Q,1,0,http://www.wikidata.org/wiki/Q1902768
XUZPEV3Q,1,1,http://www.wikidata.org/wiki/Q1902768
XUZPEV3Q,1,2,http://www.wikidata.org/wiki/Q5937792
XUZPEV3Q,2,0,http://www.wikidata.org/wiki/Q918598
XUZPEV3Q,2,1,http://www.wikidata.org/wiki/Q78491
XUZPEV3Q,2,2,http://www.wikidata.org/wiki/Q5937792
3DSMSKHF,1,0,http://www.wikidata.org/wiki/Q23091470
3DSMSKHF,1,1,http://www.wikidata.org/wiki/Q6976917
3DSMSKHF,2,0,http://www.wikidata.org/wiki/Q27963317
3DSMSKHF,2,1,http://www.wikidata.org/wiki/Q1568567
JWGLPTPB,1,0,http://www.wikidata.org/wiki/Q7961787
JWGLPTPB,2,0,http://www.wikidata.org/wiki/Q493443
TFJEPREG,1,0,http://www.wikidata.org/wiki/Q2954738
TFJEPREG,1,1,http://www.wikidata.org/wiki/Q2100
TFJEPREG,1,2,http://www.wikidata.org/wiki/Q2954740
TFJEPREG,2,0,http://www.wikidata.org/wiki/Q2954761
TFJEPREG,2,1,http://www.wikidata.org/wiki/Q40840
TFJEPREG,2,2,http://www.wikidata.org/wiki/Q2748256
BWLCR5QP,1,0,http://www.wikidata.org/wiki/Q176691
BWLCR5QP,1,2,http://www.wikidata.org/wiki/Q6192638
BWLCR5QP,2,0,http://www.wikidata.org/wiki/Q131566
BWLCR5QP,2,2,http://www.wikidata.org/wiki/Q131566
0W570SQO,1,0,http://www.wikidata.org/wiki/Q218151
0W570SQO,1,1,http://www.wikidata.org/wiki/Q3080797
0W570SQO,1,2,http://www.wikidata.org/wiki/Q142
0W570SQO,2,0,http://www.wikidata.org/wiki/Q724
0W570SQO,2,1,http://www.wikidata.org/wiki/Q123509
0W570SQO,2,2,http://www.wikidata.org/wiki/Q142
TINKN8VH,1,0,http://www.wikidata.org/wiki/Q39056934
TINKN8VH,2,0,http://www.wikidata.org/wiki/Q48989
1C9VGS8U,1,0,http://www.wikidata.org/wiki/Q15874708
1C9VGS8U,1,2,http://www.wikidata.org/wiki/Q910228
1C9VGS8U,1,3,http://www.wikidata.org/wiki/Q510578
1C9VGS8U,2,0,http://www.wikidata.org/wiki/Q599219
1C9VGS8U,2,2,http://www.wikidata.org/wiki/Q292228
1C9VGS8U,2,3,http://www.wikidata.org/wiki/Q31
CL4RRCZM,1,0,http://www.wikidata.org/wiki/Q15503298
CL4RRCZM,1,1,http://www.wikidata.org/wiki/Q22571
CL4RRCZM,2,0,http://www.wikidata.org/wiki/Q4325472
CL4RRCZM,2,1,http://www.wikidata.org/wiki/Q7835
M15FLK65,1,0,http://www.wikidata.org/wiki/Q760224
M15FLK65,1,3,http://www.wikidata.org/wiki/Q216363
M15FLK65,2,0,http://www.wikidata.org/wiki/Q997421
M15FLK65,2,3,http://www.wikidata.org/wiki/Q200891
LDVOUD4V,1,0,http://www.wikidata.org/wiki/Q16520
LDVOUD4V,1,1,http://www.wikidata.org/wiki/Q2681314
LDVOUD4V,2,0,http://www.wikidata.org/wiki/Q50402
LDVOUD4V,2,1,http://www.wikidata.org/wiki/Q12597430
K3KALO5Q,1,0,http://www.wikidata.org/wiki/Q4820851
K3KALO5Q,1,1,http://www.wikidata.org/wiki/Q764812
K3KALO5Q,1,3,http://www.wikidata.org/wiki/Q11331506
K3KALO5Q,2,0,http://www.wikidata.org/wiki/Q6194458
K3KALO5Q,2,1,http://www.wikidata.org/wiki/Q865365
K3KALO5Q,2,3,http://www.wikidata.org/wiki/Q2472136
YPEEQ7HG,1,0,http://www.wikidata.org/wiki/Q34433
YPEEQ7HG,2,0,http://www.wikidata.org/wiki/Q1342013
3YEC2FAR,1,0,http://www.wikidata.org/wiki/Q1496833
3YEC2FAR,1,1,http://www.wikidata.org/wiki/Q1496833
3YEC2FAR,1,2,http://www.wikidata.org/wiki/Q238723
3YEC2FAR,2,0,http://www.wikidata.org/wiki/Q163948
3YEC2FAR,2,1,http://www.wikidata.org/wiki/Q2707132
3YEC2FAR,2,2,http://www.wikidata.org/wiki/Q230127
HE9NKR1Z,1,0,http://www.wikidata.org/wiki/Q908659
HE9NKR1Z,2,0,http://www.wikidata.org/wiki/Q955468
DUGQ4GMB,1,0,http://www.wikidata.org/wiki/Q799305
DUGQ4GMB,1,1,http://www.wikidata.org/wiki/Q815500
DUGQ4GMB,1,2,http://www.wikidata.org/wiki/Q31
DUGQ4GMB,2,0,http://www.wikidata.org/wiki/Q815500
DUGQ4GMB,2,1,http://www.wikidata.org/wiki/Q815500
DUGQ4GMB,2,2,http://www.wikidata.org/wiki/Q31
9PR3YGUV,1,0,http://www.wikidata.org/wiki/Q1020815
9PR3YGUV,1,1,http://www.wikidata.org/wiki/Q27569
9PR3YGUV,1,2,http://www.wikidata.org/wiki/Q210527
9PR3YGUV,2,0,http://www.wikidata.org/wiki/Q2077313
9PR3YGUV,2,1,http://www.wikidata.org/wiki/Q228685
9PR3YGUV,2,2,http://www.wikidata.org/wiki/Q228685
P6E3X5U7,1,0,http://www.wikidata.org/wiki/Q721104
P6E3X5U7,1,1,http://www.wikidata.org/wiki/Q28
P6E3X5U7,2,0,http://www.wikidata.org/wiki/Q26658
P6E3X5U7,2,1,http://www.wikidata.org/wiki/Q36
P6E3X5U7,2,2,http://www.wikidata.org/wiki/Q83405
P2Z7CWK3,1,0,http://www.wikidata.org/wiki/Q13435464
P2Z7CWK3,2,0,http://www.wikidata.org/wiki/Q7970008
WA4B6GJJ,1,0,http://www.wikidata.org/wiki/Q1027757
WA4B6GJJ,2,0,http://www.wikidata.org/wiki/Q6648453
4LYBRNO2,2,0,http://www.wikidata.org/wiki/Q5991788
6CHB7KNG,1,0,http://www.wikidata.org/wiki/Q496341
6CHB7KNG,1,2,http://www.wikidata.org/wiki/Q37801
6CHB7KNG,2,0,http://www.wikidata.org/wiki/Q184053
6CHB7KNG,2,2,http://www.wikidata.org/wiki/Q184053
FMOD7W6Z,1,0,http://www.wikidata.org/wiki/Q29876740
FMOD7W6Z,1,1,http://www.wikidata.org/wiki/Q1978911
FMOD7W6Z,1,2,http://www.wikidata.org/wiki/Q41177
FMOD7W6Z,2,0,http://www.wikidata.org/wiki/Q896647
FMOD7W6Z,2,1,http://www.wikidata.org/wiki/Q314049
FMOD7W6Z,2,2,http://www.wikidata.org/wiki/Q22657
318QG7T5,1,0,http://www.wikidata.org/wiki/Q773807
318QG7T5,2,0,http://www.wikidata.org/wiki/Q17112155
6SUBCSC3,1,0,http://www.wikidata.org/wiki/Q213154
6SUBCSC3,1,1,http://www.wikidata.org/wiki/Q666063
6SUBCSC3,1,2,http://www.wikidata.org/wiki/Q4952408
6SUBCSC3,2,0,http://www.wikidata.org/wiki/Q213154
6SUBCSC3,2,1,http://www.wikidata.org/wiki/Q666063
6SUBCSC3,2,2,http://www.wikidata.org/wiki/Q4952408
6SUBCSC3,3,0,http://www.wikidata.org/wiki/Q771986
6SUBCSC3,3,1,http://www.wikidata.org/wiki/Q666063
6SUBCSC3,3,2,http://www.wikidata.org/wiki/Q3938437
4XX2QGMF,1,0,http://www.wikidata.org/wiki/Q845893
4XX2QGMF,1,1,http://www.wikidata.org/wiki/Q10858152
4XX2QGMF,1,2,http://www.wikidata.org/wiki/Q167199
4XX2QGMF,1,3,http://www.wikidata.org/wiki/Q17128254
4XX2QGMF,2,0,http://www.wikidata.org/wiki/Q10858152
4XX2QGMF,2,1,http://www.wikidata.org/wiki/Q10858152
4XX2QGMF,2,2,http://www.wikidata.org/wiki/Q167199
4XX2QGMF,2,3,http://www.wikidata.org/wiki/Q2919821
4XX2QGMF,3,0,http://www.wikidata.org/wiki/Q3695223
4XX2QGMF,3,1,http://www.wikidata.org/wiki/Q10858152
4XX2QGMF,3,2,http://www.wikidata.org/wiki/Q167199
4XX2QGMF,3,3,http://www.wikidata.org/wiki/Q2919821
IKS3CSHP,1,0,http://www.wikidata.org/wiki/Q16652094
IKS3CSHP,1,1,http://www.wikidata.org/wiki/Q4240727
IKS3CSHP,1,2,http://www.wikidata.org/wiki/Q930
IKS3CSHP,2,0,http://www.wikidata.org/wiki/Q5159315
IKS3CSHP,2,1,http://www.wikidata.org/wiki/Q3459108
IKS3CSHP,2,2,http://www.wikidata.org/wiki/Q1066442
1KARO1J6,1,0,http://www.wikidata.org/wiki/Q49261
1KARO1J6,1,1,http://www.wikidata.org/wiki/Q287
1KARO1J6,2,0,http://www.wikidata.org/wiki/Q49261
1KARO1J6,2,1,http://www.wikidata.org/wiki/Q287
ER6EF975,1,0,http://www.wikidata.org/wiki/Q4650155
ER6EF975,1,1,http://www.wikidata.org/wiki/Q11424
ER6EF975,1,2,http://www.wikidata.org/wiki/Q184781
ER6EF975,2,0,http://www.wikidata.org/wiki/Q65118742
ER6EF975,2,1,http://www.wikidata.org/wiki/Q11424
ER6EF975,2,2,http://www.wikidata.org/wiki/Q184781
J943VHWU,1,0,http://www.wikidata.org/wiki/Q538850
J943VHWU,1,1,http://www.wikidata.org/wiki/Q518194
J943VHWU,1,2,http://www.wikidata.org/wiki/Q192520
J943VHWU,2,0,http://www.wikidata.org/wiki/Q240673
J943VHWU,2,1,http://www.wikidata.org/wiki/Q2383321
J943VHWU,2,2,http://www.wikidata.org/wiki/Q159810
SEG1KVPX,1,0,http://www.wikidata.org/wiki/Q179842
SEG1KVPX,2,0,http://www.wikidata.org/wiki/Q8072985
AS0KOTAB,1,0,http://www.wikidata.org/wiki/Q1012610
AS0KOTAB,1,1,http://www.wikidata.org/wiki/Q856772
AS0KOTAB,2,0,http://www.wikidata.org/wiki/Q52028
AS0KOTAB,2,1,http://www.wikidata.org/wiki/Q856772
MSAUL13G,1,0,http://www.wikidata.org/wiki/Q6627746
MSAUL13G,1,1,http://www.wikidata.org/wiki/Q17151
MSAUL13G,1,2,http://www.wikidata.org/wiki/Q1633145
MSAUL13G,2,0,http://www.wikidata.org/wiki/Q3042287
MSAUL13G,2,1,http://www.wikidata.org/wiki/Q103011
MSAUL13G,2,2,http://www.wikidata.org/wiki/Q649278
K6CLZ9D6,1,0,http://www.wikidata.org/wiki/Q1373952
K6CLZ9D6,2,0,http://www.wikidata.org/wiki/Q1849
1ML3O2HW,1,0,http://www.wikidata.org/wiki/Q1385
1ML3O2HW,2,0,http://www.wikidata.org/wiki/Q1154826
DTWXFF5G,1,0,http://www.wikidata.org/wiki/Q647462
DTWXFF5G,1,1,http://www.wikidata.org/wiki/Q48204
DTWXFF5G,1,2,http://www.wikidata.org/wiki/Q1179112
DTWXFF5G,2,0,http://www.wikidata.org/wiki/Q7739890
DTWXFF5G,2,1,http://www.wikidata.org/wiki/Q33685
DTWXFF5G,2,2,http://www.wikidata.org/wiki/Q638
DUL1TGK0,1,0,http://www.wikidata.org/wiki/Q1541041
DUL1TGK0,1,1,http://www.wikidata.org/wiki/Q362051
DUL1TGK0,1,2,http://www.wikidata.org/wiki/Q1541041
DUL1TGK0,2,0,http://www.wikidata.org/wiki/Q1541041
DUL1TGK0,2,1,http://www.wikidata.org/wiki/Q431474
DUL1TGK0,2,2,http://www.wikidata.org/wiki/Q1541041
E1KCVXI2,1,0,http://www.wikidata.org/wiki/Q549775
E1KCVXI2,1,1,http://www.wikidata.org/wiki/Q743
E1KCVXI2,2,0,http://www.wikidata.org/wiki/Q549775
E1KCVXI2,2,1,http://www.wikidata.org/wiki/Q743
KJ6TN53Y,1,0,http://www.wikidata.org/wiki/Q321774
KJ6TN53Y,1,1,http://www.wikidata.org/wiki/Q191
KJ6TN53Y,2,0,http://www.wikidata.org/wiki/Q43281154
KJ6TN53Y,2,1,http://www.wikidata.org/wiki/Q191
MMUFSDOE,1,0,http://www.wikidata.org/wiki/Q6514464
MMUFSDOE,1,1,http://www.wikidata.org/wiki/Q5153500
MMUFSDOE,1,2,http://www.wikidata.org/wiki/Q7160389
MMUFSDOE,1,3,http://www.wikidata.org/wiki/Q12061292
MMUFSDOE,2,0,http://www.wikidata.org/wiki/Q7886778
MMUFSDOE,2,1,http://www.wikidata.org/wiki/Q2453601
MMUFSDOE,2,2,http://www.wikidata.org/wiki/Q6161235
MMUFSDOE,2,3,http://www.wikidata.org/wiki/Q756538
4AN49FNZ,1,0,http://www.wikidata.org/wiki/Q858016
4AN49FNZ,2,0,http://www.wikidata.org/wiki/Q8056288
156A1QVJ,1,0,http://www.wikidata.org/wiki/Q3125978
156A1QVJ,2,0,http://www.wikidata.org/wiki/Q5096
QKFFK7N3,1,0,http://www.wikidata.org/wiki/Q1352690
QKFFK7N3,2,0,http://www.wikidata.org/wiki/Q1272235
IRQ8C5CZ,1,0,http://www.wikidata.org/wiki/Q1932465
IRQ8C5CZ,2,0,http://www.wikidata.org/wiki/Q1018561
5N2U0EIL,1,0,http://www.wikidata.org/wiki/Q137341
5N2U0EIL,1,1,http://www.wikidata.org/wiki/Q30
5N2U0EIL,1,2,http://www.wikidata.org/wiki/Q17717
5N2U0EIL,2,0,http://www.wikidata.org/wiki/Q729513
5N2U0EIL,2,1,http://www.wikidata.org/wiki/Q29
5N2U0EIL,2,2,http://www.wikidata.org/wiki/Q615
4KBCVMZS,1,0,http://www.wikidata.org/wiki/Q4546523
4KBCVMZS,2,0,http://www.wikidata.org/wiki/Q2980984
4KBCVMZS,3,0,http://www.wikidata.org/wiki/Q2742610
CY1UXB09,1,0,http://www.wikidata.org/wiki/Q307089
CY1UXB09,2,0,http://www.wikidata.org/wiki/Q56275869
RC6B0WMT,1,0,http://www.wikidata.org/wiki/Q5415748
RC6B0WMT,1,2,http://www.wikidata.org/wiki/Q215168
RC6B0WMT,2,0,http://www.wikidata.org/wiki/Q17015253
RC6B0WMT,2,2,http://www.wikidata.org/wiki/Q178169
WNP2HXU0,1,0,http://www.wikidata.org/wiki/Q355516
WNP2HXU0,1,1,http://www.wikidata.org/wiki/Q355516
WNP2HXU0,1,2,http://www.wikidata.org/wiki/Q666063
WNP2HXU0,1,3,http://www.wikidata.org/wiki/Q666063
WNP2HXU0,1,4,http://www.wikidata.org/wiki/Q666063
WNP2HXU0,2,0,http://www.wikidata.org/wiki/Q2741834
WNP2HXU0,2,1,http://www.wikidata.org/wiki/Q355516
WNP2HXU0,2,2,http://www.wikidata.org/wiki/Q666063
WNP2HXU0,2,3,http://www.wikidata.org/wiki/Q3403561
WNP2HXU0,2,4,http://www.wikidata.org/wiki/Q3403561
A7AFUXWG,1,0,http://www.wikidata.org/wiki/Q5879759
A7AFUXWG,1,2,http://www.wikidata.org/wiki/Q162875
A7AFUXWG,2,0,http://www.wikidata.org/wiki/Q1146714
A7AFUXWG,2,2,http://www.wikidata.org/wiki/Q173387
AQHXJRE5,1,0,http://www.wikidata.org/wiki/Q19861645
AQHXJRE5,2,0,http://www.wikidata.org/wiki/Q19859305
WA7FR9D5,1,0,http://www.wikidata.org/wiki/Q3423161
WA7FR9D5,1,1,http://www.wikidata.org/wiki/Q544008
WA7FR9D5,1,2,http://www.wikidata.org/wiki/Q3480080
WA7FR9D5,2,0,http://www.wikidata.org/wiki/Q3423161
WA7FR9D5,2,1,http://www.wikidata.org/wiki/Q544008
WA7FR9D5,2,2,http://www.wikidata.org/wiki/Q3480080
WA7FR9D5,3,0,http://www.wikidata.org/wiki/Q3423154
WA7FR9D5,3,1,http://www.wikidata.org/wiki/Q544008
WA7FR9D5,3,2,http://www.wikidata.org/wiki/Q3480080
89UT53IO,1,0,http://www.wikidata.org/wiki/Q7306780
89UT53IO,1,1,http://www.wikidata.org/wiki/Q1137387
89UT53IO,1,2,http://www.wikidata.org/wiki/Q317427
89UT53IO,2,0,http://www.wikidata.org/wiki/Q55049889
89UT53IO,2,1,http://www.wikidata.org/wiki/Q55049889
89UT53IO,2,2,http://www.wikidata.org/wiki/Q183048
0DST8G7Y,1,0,http://www.wikidata.org/wiki/Q5593640
0DST8G7Y,1,1,http://www.wikidata.org/wiki/Q5593640
0DST8G7Y,1,2,http://www.wikidata.org/wiki/Q1061903
0DST8G7Y,1,3,http://www.wikidata.org/wiki/Q11299
0DST8G7Y,2,0,http://www.wikidata.org/wiki/Q1022965
0DST8G7Y,2,1,http://www.wikidata.org/wiki/Q1022965
0DST8G7Y,2,2,http://www.wikidata.org/wiki/Q353348
0DST8G7Y,2,3,http://www.wikidata.org/wiki/Q11299
0JPSM028,1,0,http://www.wikidata.org/wiki/Q1340177
0JPSM028,1,1,http://www.wikidata.org/wiki/Q2975655
0JPSM028,1,2,http://www.wikidata.org/wiki/Q778806
0JPSM028,2,0,http://www.wikidata.org/wiki/Q63056
0JPSM028,2,1,http://www.wikidata.org/wiki/Q4752572
0JPSM028,2,2,http://www.wikidata.org/wiki/Q39614
UY3YZLOJ,1,0,http://www.wikidata.org/wiki/Q16186138
UY3YZLOJ,1,1,http://www.wikidata.org/wiki/Q1559702
UY3YZLOJ,1,2,http://www.wikidata.org/wiki/Q205805
UY3YZLOJ,1,3,http://www.wikidata.org/wiki/Q617792
UY3YZLOJ,2,0,http://www.wikidata.org/wiki/Q50492158
UY3YZLOJ,2,1,http://www.wikidata.org/wiki/Q60744404
UY3YZLOJ,2,2,http://www.wikidata.org/wiki/Q596643
UY3YZLOJ,2,3,http://www.wikidata.org/wiki/Q12760
8980WGB8,1,0,http://www.wikidata.org/wiki/Q623196
8980WGB8,2,0,http://www.wikidata.org/wiki/Q107094
8YADUB52,1,0,http://www.wikidata.org/wiki/Q2001082
8YADUB52,1,2,http://www.wikidata.org/wiki/Q159
8YADUB52,2,0,http://www.wikidata.org/wiki/Q1552859
8YADUB52,2,2,http://www.wikidata.org/wiki/Q142
