1LG3FS9I,1,2,http://www.wikidata.org/wiki/Q4339448
1LG3FS9I,1,4,http://www.wikidata.org/wiki/Q83172
1LG3FS9I,1,0,http://www.wikidata.org/wiki/Q4201789
1LG3FS9I,2,0,http://www.wikidata.org/wiki/Q420166
UQPH9LSY,1,0,http://www.wikidata.org/wiki/Q3320573
UQPH9LSY,3,0,http://www.wikidata.org/wiki/Q3320573
UQPH9LSY,2,0,http://www.wikidata.org/wiki/Q332088
UQPH9LSY,2,2,http://www.wikidata.org/wiki/Q4227907
UQPH9LSY,1,1,http://www.wikidata.org/wiki/Q834210
UQPH9LSY,1,2,http://www.wikidata.org/wiki/Q3035235
UQPH9LSY,3,1,http://www.wikidata.org/wiki/Q2295655
UQPH9LSY,2,1,http://www.wikidata.org/wiki/Q834210
66V1UPF1,3,3,http://www.wikidata.org/wiki/Q137863
66V1UPF1,3,0,http://www.wikidata.org/wiki/Q1813849
66V1UPF1,3,4,http://www.wikidata.org/wiki/Q188061
66V1UPF1,2,0,http://www.wikidata.org/wiki/Q118903
66V1UPF1,1,4,http://www.wikidata.org/wiki/Q188061
66V1UPF1,2,4,http://www.wikidata.org/wiki/Q188061
66V1UPF1,4,0,http://www.wikidata.org/wiki/Q118903
66V1UPF1,1,0,http://www.wikidata.org/wiki/Q1813849
66V1UPF1,2,3,http://www.wikidata.org/wiki/Q118910
66V1UPF1,4,4,http://www.wikidata.org/wiki/Q188061
66V1UPF1,5,0,http://www.wikidata.org/wiki/Q1813849
66V1UPF1,1,3,http://www.wikidata.org/wiki/Q137863
66V1UPF1,4,3,http://www.wikidata.org/wiki/Q118910
KVHVZV3L,2,0,http://www.wikidata.org/wiki/Q1720
KVHVZV3L,1,1,http://www.wikidata.org/wiki/Q37276728
KVHVZV3L,2,1,http://www.wikidata.org/wiki/Q1223865
KVHVZV3L,2,2,http://www.wikidata.org/wiki/Q392494
KVHVZV3L,1,2,http://www.wikidata.org/wiki/Q8731
KVHVZV3L,1,0,http://www.wikidata.org/wiki/Q65
RSP4RPJK,1,0,http://www.wikidata.org/wiki/Q56702278
RSP4RPJK,2,2,http://www.wikidata.org/wiki/Q7431090
RSP4RPJK,2,0,http://www.wikidata.org/wiki/Q6974685
RSP4RPJK,2,1,http://www.wikidata.org/wiki/Q1967556
RSP4RPJK,4,1,http://www.wikidata.org/wiki/Q1967556
RSP4RPJK,3,2,http://www.wikidata.org/wiki/Q7431090
RSP4RPJK,4,0,http://www.wikidata.org/wiki/Q6974685
RSP4RPJK,4,2,http://www.wikidata.org/wiki/Q7431090
RSP4RPJK,3,0,http://www.wikidata.org/wiki/Q7431089
RSP4RPJK,1,1,http://www.wikidata.org/wiki/Q2601386
RSP4RPJK,3,1,http://www.wikidata.org/wiki/Q1967556
IYAGHNQ1,2,0,http://www.wikidata.org/wiki/Q15943603
IYAGHNQ1,3,0,http://www.wikidata.org/wiki/Q16825873
IYAGHNQ1,1,0,http://www.wikidata.org/wiki/Q16556419
IYAGHNQ1,1,2,http://www.wikidata.org/wiki/Q2912397
IYAGHNQ1,2,2,http://www.wikidata.org/wiki/Q2912397
IYAGHNQ1,3,2,http://www.wikidata.org/wiki/Q1407225
S4BBSEDC,2,0,http://www.wikidata.org/wiki/Q634418
S4BBSEDC,8,0,http://www.wikidata.org/wiki/Q106344958
S4BBSEDC,11,0,http://www.wikidata.org/wiki/Q634418
S4BBSEDC,4,0,http://www.wikidata.org/wiki/Q657518
S4BBSEDC,12,0,http://www.wikidata.org/wiki/Q657518
S4BBSEDC,3,0,http://www.wikidata.org/wiki/Q106344958
S4BBSEDC,7,0,http://www.wikidata.org/wiki/Q634418
S4BBSEDC,5,0,http://www.wikidata.org/wiki/Q634418
S4BBSEDC,9,0,http://www.wikidata.org/wiki/Q657518
S4BBSEDC,1,0,http://www.wikidata.org/wiki/Q657518
S4BBSEDC,6,0,http://www.wikidata.org/wiki/Q106344958
S4BBSEDC,10,0,http://www.wikidata.org/wiki/Q657518
7CWHHFZU,1,1,http://www.wikidata.org/wiki/Q6124976
7CWHHFZU,2,0,http://www.wikidata.org/wiki/Q57166722
7CWHHFZU,3,0,http://www.wikidata.org/wiki/Q6125113
7CWHHFZU,4,0,http://www.wikidata.org/wiki/Q57166722
7CWHHFZU,2,2,http://www.wikidata.org/wiki/Q1344
7CWHHFZU,3,1,http://www.wikidata.org/wiki/Q6124976
7CWHHFZU,4,1,http://www.wikidata.org/wiki/Q726531
7CWHHFZU,4,2,http://www.wikidata.org/wiki/Q1344
7CWHHFZU,1,0,http://www.wikidata.org/wiki/Q6125113
7CWHHFZU,3,2,http://www.wikidata.org/wiki/Q1358138
7CWHHFZU,5,0,http://www.wikidata.org/wiki/Q612511
7CWHHFZU,2,1,http://www.wikidata.org/wiki/Q726531
7CWHHFZU,1,2,http://www.wikidata.org/wiki/Q1358138
S3CKGCLJ,5,0,http://www.wikidata.org/wiki/Q19632658
S3CKGCLJ,7,0,http://www.wikidata.org/wiki/Q1115421
S3CKGCLJ,1,0,http://www.wikidata.org/wiki/Q376769
S3CKGCLJ,2,0,http://www.wikidata.org/wiki/Q265864
S3CKGCLJ,6,0,http://www.wikidata.org/wiki/Q1184880
S3CKGCLJ,3,0,http://www.wikidata.org/wiki/Q123446215
S3CKGCLJ,4,0,http://www.wikidata.org/wiki/Q123800212
MXQ1SKLG,1,0,http://www.wikidata.org/wiki/Q3261346
MXQ1SKLG,6,0,http://www.wikidata.org/wiki/Q216344
MXQ1SKLG,3,0,http://www.wikidata.org/wiki/Q216344
MXQ1SKLG,10,0,http://www.wikidata.org/wiki/Q216344
MXQ1SKLG,5,0,http://www.wikidata.org/wiki/Q216344
MXQ1SKLG,1,1,http://www.wikidata.org/wiki/Q3261346
MXQ1SKLG,12,0,http://www.wikidata.org/wiki/Q216344
MXQ1SKLG,11,0,http://www.wikidata.org/wiki/Q216344
MXQ1SKLG,4,0,http://www.wikidata.org/wiki/Q216344
MXQ1SKLG,7,0,http://www.wikidata.org/wiki/Q216344
MXQ1SKLG,2,0,http://www.wikidata.org/wiki/Q216344
MXQ1SKLG,8,0,http://www.wikidata.org/wiki/Q216344
MXQ1SKLG,9,0,http://www.wikidata.org/wiki/Q216344
KXSQH8PJ,3,0,http://www.wikidata.org/wiki/Q28119220
KXSQH8PJ,2,0,http://www.wikidata.org/wiki/Q23979027
KXSQH8PJ,1,2,http://www.wikidata.org/wiki/Q192534
KXSQH8PJ,2,2,http://www.wikidata.org/wiki/Q192534
KXSQH8PJ,1,0,http://www.wikidata.org/wiki/Q28115878
KXSQH8PJ,3,2,http://www.wikidata.org/wiki/Q182432
I35616OY,14,0,http://www.wikidata.org/wiki/Q210907
I35616OY,13,0,http://www.wikidata.org/wiki/Q208268
I35616OY,3,0,http://www.wikidata.org/wiki/Q208268
I35616OY,12,0,http://www.wikidata.org/wiki/Q210907
I35616OY,5,0,http://www.wikidata.org/wiki/Q208268
I35616OY,6,0,http://www.wikidata.org/wiki/Q210907
I35616OY,8,0,http://www.wikidata.org/wiki/Q210907
I35616OY,4,0,http://www.wikidata.org/wiki/Q210907
I35616OY,7,0,http://www.wikidata.org/wiki/Q208268
I35616OY,1,0,http://www.wikidata.org/wiki/Q210907
I35616OY,10,0,http://www.wikidata.org/wiki/Q210907
I35616OY,9,0,http://www.wikidata.org/wiki/Q208268
I35616OY,11,0,http://www.wikidata.org/wiki/Q208268
I35616OY,2,0,http://www.wikidata.org/wiki/Q208268
RU92NLFT,4,1,http://www.wikidata.org/wiki/Q487556
RU92NLFT,4,2,http://www.wikidata.org/wiki/Q3130
RU92NLFT,5,1,http://www.wikidata.org/wiki/Q487556
RU92NLFT,1,1,http://www.wikidata.org/wiki/Q1065809
RU92NLFT,3,2,http://www.wikidata.org/wiki/Q3130
RU92NLFT,4,0,http://www.wikidata.org/wiki/Q7660036
RU92NLFT,2,0,http://www.wikidata.org/wiki/Q7660036
RU92NLFT,2,1,http://www.wikidata.org/wiki/Q487556
RU92NLFT,2,2,http://www.wikidata.org/wiki/Q3130
RU92NLFT,1,0,http://www.wikidata.org/wiki/Q5425982
RU92NLFT,1,2,http://www.wikidata.org/wiki/Q812
RU92NLFT,3,0,http://www.wikidata.org/wiki/Q7660036
RU92NLFT,5,0,http://www.wikidata.org/wiki/Q7660036
RU92NLFT,3,1,http://www.wikidata.org/wiki/Q487556
P0P41ODQ,1,2,http://www.wikidata.org/wiki/Q56650560
P0P41ODQ,2,2,http://www.wikidata.org/wiki/Q28105676
P0P41ODQ,3,2,http://www.wikidata.org/wiki/Q29877552
P0P41ODQ,2,1,http://www.wikidata.org/wiki/Q28105676
P0P41ODQ,3,0,http://www.wikidata.org/wiki/Q29788137
P0P41ODQ,1,0,http://www.wikidata.org/wiki/Q28799994
P0P41ODQ,3,1,http://www.wikidata.org/wiki/Q29877552
P0P41ODQ,1,1,http://www.wikidata.org/wiki/Q56733407
P0P41ODQ,2,0,http://www.wikidata.org/wiki/Q28105676
QNHDL33N,4,0,http://www.wikidata.org/wiki/Q5699813
QNHDL33N,3,2,http://www.wikidata.org/wiki/Q917953
QNHDL33N,3,0,http://www.wikidata.org/wiki/Q5699806
QNHDL33N,4,1,http://www.wikidata.org/wiki/Q11436
QNHDL33N,1,2,http://www.wikidata.org/wiki/Q917953
QNHDL33N,1,1,http://www.wikidata.org/wiki/Q11436
QNHDL33N,1,0,http://www.wikidata.org/wiki/Q5699813
QNHDL33N,5,1,http://www.wikidata.org/wiki/Q11436
QNHDL33N,2,2,http://www.wikidata.org/wiki/Q917172
QNHDL33N,4,2,http://www.wikidata.org/wiki/Q917953
QNHDL33N,3,1,http://www.wikidata.org/wiki/Q11436
QNHDL33N,2,0,http://www.wikidata.org/wiki/Q5275178
QNHDL33N,2,1,http://www.wikidata.org/wiki/Q11436
QNHDL33N,5,0,http://www.wikidata.org/wiki/Q5275178
P8CRFNEP,10,0,http://www.wikidata.org/wiki/Q22697609
P8CRFNEP,3,0,http://www.wikidata.org/wiki/Q29369603
P8CRFNEP,4,0,http://www.wikidata.org/wiki/Q13426794
P8CRFNEP,7,0,http://www.wikidata.org/wiki/Q117472619
P8CRFNEP,8,0,http://www.wikidata.org/wiki/Q12957571
P8CRFNEP,9,0,http://www.wikidata.org/wiki/Q22590143
P8CRFNEP,12,0,http://www.wikidata.org/wiki/Q489362
P8CRFNEP,1,0,http://www.wikidata.org/wiki/Q22697609
P8CRFNEP,11,0,http://www.wikidata.org/wiki/Q634421
P8CRFNEP,5,0,http://www.wikidata.org/wiki/Q5681466
P8CRFNEP,2,0,http://www.wikidata.org/wiki/Q22590143
P8CRFNEP,6,0,http://www.wikidata.org/wiki/Q3822596
1JCIV762,1,1,http://www.wikidata.org/wiki/Q26971668
1JCIV762,3,0,http://www.wikidata.org/wiki/Q45113838
1JCIV762,2,0,http://www.wikidata.org/wiki/Q45031794
1JCIV762,3,2,http://www.wikidata.org/wiki/Q21769957
1JCIV762,4,0,http://www.wikidata.org/wiki/Q45031857
1JCIV762,4,2,http://www.wikidata.org/wiki/Q21769957
1JCIV762,1,0,http://www.wikidata.org/wiki/Q45031857
1JCIV762,4,1,http://www.wikidata.org/wiki/Q26971668
1JCIV762,2,2,http://www.wikidata.org/wiki/Q21769957
1JCIV762,2,1,http://www.wikidata.org/wiki/Q26971668
1JCIV762,3,1,http://www.wikidata.org/wiki/Q26971668
1JCIV762,1,2,http://www.wikidata.org/wiki/Q21769957
BWIXL857,3,0,http://www.wikidata.org/wiki/Q3315164
BWIXL857,10,0,http://www.wikidata.org/wiki/Q207
BWIXL857,7,0,http://www.wikidata.org/wiki/Q30918515
BWIXL857,4,0,http://www.wikidata.org/wiki/Q1937202
BWIXL857,2,0,http://www.wikidata.org/wiki/Q9351
BWIXL857,1,0,http://www.wikidata.org/wiki/Q1049265
BWIXL857,5,0,http://www.wikidata.org/wiki/Q6866581
BWIXL857,6,0,http://www.wikidata.org/wiki/Q3245449
BWIXL857,8,0,http://www.wikidata.org/wiki/Q20724116
BWIXL857,9,0,http://www.wikidata.org/wiki/Q23043619
CC3DZCAD,3,0,http://www.wikidata.org/wiki/Q65718459
CC3DZCAD,1,0,http://www.wikidata.org/wiki/Q60535582
CC3DZCAD,5,0,http://www.wikidata.org/wiki/Q65718459
CC3DZCAD,4,0,http://www.wikidata.org/wiki/Q65718459
CC3DZCAD,2,1,http://www.wikidata.org/wiki/Q65718210
CC3DZCAD,2,0,http://www.wikidata.org/wiki/Q65718459
CC3DZCAD,2,2,http://www.wikidata.org/wiki/Q3150
CC3DZCAD,1,2,http://www.wikidata.org/wiki/Q7880
CC3DZCAD,4,1,http://www.wikidata.org/wiki/Q65718210
CC3DZCAD,3,2,http://www.wikidata.org/wiki/Q3150
CC3DZCAD,4,2,http://www.wikidata.org/wiki/Q3150
CC3DZCAD,3,1,http://www.wikidata.org/wiki/Q65718210
CC3DZCAD,1,1,http://www.wikidata.org/wiki/Q1010268
YA377MQ3,2,2,http://www.wikidata.org/wiki/Q46
YA377MQ3,4,2,http://www.wikidata.org/wiki/Q46
YA377MQ3,4,0,http://www.wikidata.org/wiki/Q334124
YA377MQ3,5,0,http://www.wikidata.org/wiki/Q334124
YA377MQ3,3,0,http://www.wikidata.org/wiki/Q334124
YA377MQ3,2,1,http://www.wikidata.org/wiki/Q131132
YA377MQ3,5,1,http://www.wikidata.org/wiki/Q131132
YA377MQ3,2,0,http://www.wikidata.org/wiki/Q334124
YA377MQ3,1,1,http://www.wikidata.org/wiki/Q131132
YA377MQ3,1,2,http://www.wikidata.org/wiki/Q46
YA377MQ3,3,1,http://www.wikidata.org/wiki/Q131132
YA377MQ3,3,2,http://www.wikidata.org/wiki/Q46
YA377MQ3,4,1,http://www.wikidata.org/wiki/Q131132
YA377MQ3,5,2,http://www.wikidata.org/wiki/Q46
YA377MQ3,6,0,http://www.wikidata.org/wiki/Q334124
YA377MQ3,1,0,http://www.wikidata.org/wiki/Q334353
SWICQRV2,1,0,http://www.wikidata.org/wiki/Q772327
SWICQRV2,1,2,http://www.wikidata.org/wiki/Q319214
SWICQRV2,6,0,http://www.wikidata.org/wiki/Q1688816
SWICQRV2,3,0,http://www.wikidata.org/wiki/Q1688816
SWICQRV2,5,2,http://www.wikidata.org/wiki/Q1462086
SWICQRV2,2,0,http://www.wikidata.org/wiki/Q161156
SWICQRV2,2,2,http://www.wikidata.org/wiki/Q318781
SWICQRV2,4,2,http://www.wikidata.org/wiki/Q20996335
SWICQRV2,6,2,http://www.wikidata.org/wiki/Q56529313
SWICQRV2,7,0,http://www.wikidata.org/wiki/Q483453
SWICQRV2,4,0,http://www.wikidata.org/wiki/Q483453
SWICQRV2,5,0,http://www.wikidata.org/wiki/Q1964947
SWICQRV2,3,2,http://www.wikidata.org/wiki/Q56529313
ELRYKU84,3,0,http://www.wikidata.org/wiki/Q4889791
ELRYKU84,8,0,http://www.wikidata.org/wiki/Q11381887
ELRYKU84,11,0,http://www.wikidata.org/wiki/Q11381887
ELRYKU84,4,0,http://www.wikidata.org/wiki/Q58769639
ELRYKU84,6,0,http://www.wikidata.org/wiki/Q61066458
ELRYKU84,1,0,http://www.wikidata.org/wiki/Q2163496
ELRYKU84,10,0,http://www.wikidata.org/wiki/Q15704620
ELRYKU84,5,0,http://www.wikidata.org/wiki/Q61066521
ELRYKU84,7,0,http://www.wikidata.org/wiki/Q2837683
ELRYKU84,2,0,http://www.wikidata.org/wiki/Q1286354
ELRYKU84,12,0,http://www.wikidata.org/wiki/Q1138188
ELRYKU84,9,0,http://www.wikidata.org/wiki/Q110823036
NMK2GWBS,7,2,http://www.wikidata.org/wiki/Q183002
NMK2GWBS,1,2,http://www.wikidata.org/wiki/Q1515236
NMK2GWBS,3,2,http://www.wikidata.org/wiki/Q193577
NMK2GWBS,6,2,http://www.wikidata.org/wiki/Q193577
NMK2GWBS,3,1,http://www.wikidata.org/wiki/Q19682
NMK2GWBS,8,2,http://www.wikidata.org/wiki/Q196828
NMK2GWBS,3,0,http://www.wikidata.org/wiki/Q196828
NMK2GWBS,1,0,http://www.wikidata.org/wiki/Q1287969
NMK2GWBS,4,2,http://www.wikidata.org/wiki/Q183002
NMK2GWBS,5,2,http://www.wikidata.org/wiki/Q196828
NMK2GWBS,1,1,http://www.wikidata.org/wiki/Q17141812
NMK2GWBS,2,1,http://www.wikidata.org/wiki/Q598755
NMK2GWBS,2,2,http://www.wikidata.org/wiki/Q598755
NMK2GWBS,2,0,http://www.wikidata.org/wiki/Q598755
NZ4LO319,3,2,http://www.wikidata.org/wiki/Q5937752
NZ4LO319,5,2,http://www.wikidata.org/wiki/Q5937752
NZ4LO319,4,2,http://www.wikidata.org/wiki/Q55020199
NZ4LO319,4,1,http://www.wikidata.org/wiki/Q142
NZ4LO319,2,2,http://www.wikidata.org/wiki/Q5937752
NZ4LO319,1,0,http://www.wikidata.org/wiki/Q653187
NZ4LO319,5,0,http://www.wikidata.org/wiki/Q1311978
NZ4LO319,5,1,http://www.wikidata.org/wiki/Q142
NZ4LO319,3,0,http://www.wikidata.org/wiki/Q1311978
NZ4LO319,3,1,http://www.wikidata.org/wiki/Q142
NZ4LO319,4,0,http://www.wikidata.org/wiki/Q653187
NZ4LO319,2,1,http://www.wikidata.org/wiki/Q142
NZ4LO319,1,2,http://www.wikidata.org/wiki/Q55020199
NZ4LO319,2,0,http://www.wikidata.org/wiki/Q1311978
NZ4LO319,1,1,http://www.wikidata.org/wiki/Q142
Z618SF1Q,1,0,http://www.wikidata.org/wiki/Q21787548
Z618SF1Q,2,0,http://www.wikidata.org/wiki/Q17782334
Z618SF1Q,2,2,http://www.wikidata.org/wiki/Q300856
Z618SF1Q,1,2,http://www.wikidata.org/wiki/Q503232
QX840EMW,2,0,http://www.wikidata.org/wiki/Q255898
QX840EMW,4,1,http://www.wikidata.org/wiki/Q36874909
QX840EMW,2,2,http://www.wikidata.org/wiki/Q3070
QX840EMW,3,2,http://www.wikidata.org/wiki/Q3070
QX840EMW,1,1,http://www.wikidata.org/wiki/Q36874909
QX840EMW,5,0,http://www.wikidata.org/wiki/Q1117
QX840EMW,4,2,http://www.wikidata.org/wiki/Q9899
QX840EMW,1,0,http://www.wikidata.org/wiki/Q2487297
QX840EMW,4,0,http://www.wikidata.org/wiki/Q65299094
QX840EMW,2,1,http://www.wikidata.org/wiki/Q52609380
QX840EMW,3,0,http://www.wikidata.org/wiki/Q61933743
QX840EMW,1,2,http://www.wikidata.org/wiki/Q9899
QX840EMW,3,1,http://www.wikidata.org/wiki/Q52609380
JRRCRO27,2,1,http://www.wikidata.org/wiki/Q2649128
JRRCRO27,1,2,http://www.wikidata.org/wiki/Q3773832
JRRCRO27,2,0,http://www.wikidata.org/wiki/Q3773909
JRRCRO27,1,0,http://www.wikidata.org/wiki/Q3773832
JRRCRO27,0,2,http://www.wikidata.org/wiki/Q3773834
JRRCRO27,1,1,http://www.wikidata.org/wiki/Q3773834
JRRCRO27,2,2,http://www.wikidata.org/wiki/Q2649128
HC95KLK7,1,0,http://www.wikidata.org/wiki/Q10562558
HC95KLK7,1,3,http://www.wikidata.org/wiki/Q3857
HC95KLK7,4,0,http://www.wikidata.org/wiki/Q2776902
HC95KLK7,3,3,http://www.wikidata.org/wiki/Q3857
HC95KLK7,5,0,http://www.wikidata.org/wiki/Q2776902
HC95KLK7,1,1,http://www.wikidata.org/wiki/Q3857
HC95KLK7,2,3,http://www.wikidata.org/wiki/Q52502
HC95KLK7,2,1,http://www.wikidata.org/wiki/Q25287
HC95KLK7,3,1,http://www.wikidata.org/wiki/Q3857
HC95KLK7,4,3,http://www.wikidata.org/wiki/Q3857
HC95KLK7,3,0,http://www.wikidata.org/wiki/Q2776902
HC95KLK7,4,1,http://www.wikidata.org/wiki/Q3857
HC95KLK7,2,0,http://www.wikidata.org/wiki/Q10562558
BR44OMLT,3,1,http://www.wikidata.org/wiki/Q287
BR44OMLT,3,2,http://www.wikidata.org/wiki/Q1471
BR44OMLT,4,1,http://www.wikidata.org/wiki/Q287
BR44OMLT,5,2,http://www.wikidata.org/wiki/Q1471
BR44OMLT,1,0,http://www.wikidata.org/wiki/Q80903492
BR44OMLT,1,2,http://www.wikidata.org/wiki/Q170321
BR44OMLT,3,0,http://www.wikidata.org/wiki/Q23307797
BR44OMLT,2,0,http://www.wikidata.org/wiki/Q23307797
BR44OMLT,2,2,http://www.wikidata.org/wiki/Q1471
BR44OMLT,1,1,http://www.wikidata.org/wiki/Q287
BR44OMLT,5,1,http://www.wikidata.org/wiki/Q287
BR44OMLT,4,0,http://www.wikidata.org/wiki/Q23307797
BR44OMLT,5,0,http://www.wikidata.org/wiki/Q23307797
BR44OMLT,6,0,http://www.wikidata.org/wiki/Q23
BR44OMLT,4,2,http://www.wikidata.org/wiki/Q1471
BR44OMLT,2,1,http://www.wikidata.org/wiki/Q287
ZXF2PWA4,7,0,http://www.wikidata.org/wiki/Q107582
ZXF2PWA4,2,0,http://www.wikidata.org/wiki/Q381143
ZXF2PWA4,12,0,http://www.wikidata.org/wiki/Q194263
ZXF2PWA4,1,0,http://www.wikidata.org/wiki/Q544661
ZXF2PWA4,8,0,http://www.wikidata.org/wiki/Q404168
ZXF2PWA4,5,0,http://www.wikidata.org/wiki/Q104739142
ZXF2PWA4,6,0,http://www.wikidata.org/wiki/Q66722355
ZXF2PWA4,3,0,http://www.wikidata.org/wiki/Q12777276
ZXF2PWA4,10,0,http://www.wikidata.org/wiki/Q163904
ZXF2PWA4,4,0,http://www.wikidata.org/wiki/Q1200916
ZXF2PWA4,13,0,http://www.wikidata.org/wiki/Q10871457
ZXF2PWA4,11,0,http://www.wikidata.org/wiki/Q56822789
ZXF2PWA4,9,0,http://www.wikidata.org/wiki/Q6161350
GPZ72K9R,2,2,http://www.wikidata.org/wiki/Q1764994
GPZ72K9R,2,0,http://www.wikidata.org/wiki/Q62072798
GPZ72K9R,1,1,http://www.wikidata.org/wiki/Q62072793
GPZ72K9R,2,1,http://www.wikidata.org/wiki/Q62072799
GPZ72K9R,1,2,http://www.wikidata.org/wiki/Q156707
GPZ72K9R,2,3,http://www.wikidata.org/wiki/Q3609
GPZ72K9R,1,0,http://www.wikidata.org/wiki/Q62072792
GPZ72K9R,1,3,http://www.wikidata.org/wiki/Q3609
Y6YD5MVX,8,0,http://www.wikidata.org/wiki/Q54933591
Y6YD5MVX,2,0,http://www.wikidata.org/wiki/Q54933585
Y6YD5MVX,1,0,http://www.wikidata.org/wiki/Q55093495
Y6YD5MVX,7,0,http://www.wikidata.org/wiki/Q54933590
Y6YD5MVX,4,0,http://www.wikidata.org/wiki/Q54933587
Y6YD5MVX,9,0,http://www.wikidata.org/wiki/Q54933
Y6YD5MVX,5,0,http://www.wikidata.org/wiki/Q54933588
Y6YD5MVX,3,0,http://www.wikidata.org/wiki/Q54933586
Y6YD5MVX,6,0,http://www.wikidata.org/wiki/Q54933589
MSUWADMV,5,0,http://www.wikidata.org/wiki/Q1210
MSUWADMV,13,0,http://www.wikidata.org/wiki/Q1210
MSUWADMV,15,0,http://www.wikidata.org/wiki/Q1210
MSUWADMV,7,0,http://www.wikidata.org/wiki/Q1210
MSUWADMV,3,0,http://www.wikidata.org/wiki/Q1210
MSUWADMV,9,0,http://www.wikidata.org/wiki/Q1210
MSUWADMV,16,0,http://www.wikidata.org/wiki/Q1216
MSUWADMV,8,0,http://www.wikidata.org/wiki/Q1216
MSUWADMV,11,0,http://www.wikidata.org/wiki/Q1210
MSUWADMV,10,0,http://www.wikidata.org/wiki/Q1216
MSUWADMV,17,0,http://www.wikidata.org/wiki/Q1210
MSUWADMV,12,0,http://www.wikidata.org/wiki/Q1216
MSUWADMV,14,0,http://www.wikidata.org/wiki/Q1216
MSUWADMV,6,0,http://www.wikidata.org/wiki/Q1216
MSUWADMV,2,0,http://www.wikidata.org/wiki/Q1216
MSUWADMV,4,0,http://www.wikidata.org/wiki/Q1210
Q4PZJLUI,3,2,http://www.wikidata.org/wiki/Q3196574
Q4PZJLUI,1,2,http://www.wikidata.org/wiki/Q17985385
Q4PZJLUI,2,0,http://www.wikidata.org/wiki/Q16707717
Q4PZJLUI,2,1,http://www.wikidata.org/wiki/Q17747099
Q4PZJLUI,2,2,http://www.wikidata.org/wiki/Q3196574
Q4PZJLUI,3,1,http://www.wikidata.org/wiki/Q17747099
Q4PZJLUI,1,1,http://www.wikidata.org/wiki/Q16856986
Q4PZJLUI,5,0,http://www.wikidata.org/wiki/Q167077
Q4PZJLUI,4,0,http://www.wikidata.org/wiki/Q16707717
Q4PZJLUI,4,1,http://www.wikidata.org/wiki/Q17747099
Q4PZJLUI,4,2,http://www.wikidata.org/wiki/Q3196574
Q4PZJLUI,3,0,http://www.wikidata.org/wiki/Q16707717
Q4PZJLUI,1,0,http://www.wikidata.org/wiki/Q16707726
ZSN12XTG,1,0,http://www.wikidata.org/wiki/Q3360203
ZSN12XTG,0,1,http://www.wikidata.org/wiki/Q1700617
ZSN12XTG,1,2,http://www.wikidata.org/wiki/Q23336065
ZSN12XTG,2,2,http://www.wikidata.org/wiki/Q23335494
ZSN12XTG,1,1,http://www.wikidata.org/wiki/Q99
ZSN12XTG,2,1,http://www.wikidata.org/wiki/Q11299
ZSN12XTG,0,2,http://www.wikidata.org/wiki/Q23335494
ZSN12XTG,2,0,http://www.wikidata.org/wiki/Q1700617
9E6PUMKB,1,1,http://www.wikidata.org/wiki/Q4964675
9E6PUMKB,0,3,http://www.wikidata.org/wiki/Q60558215
9E6PUMKB,2,3,http://www.wikidata.org/wiki/Q60558215
9E6PUMKB,1,3,http://www.wikidata.org/wiki/Q60558215
9E6PUMKB,2,1,http://www.wikidata.org/wiki/Q462827
NXVK8K1E,1,0,http://www.wikidata.org/wiki/Q21097897
NXVK8K1E,2,0,http://www.wikidata.org/wiki/Q21097896
NXVK8K1E,3,0,http://www.wikidata.org/wiki/Q21098174
C7JV7SIA,1,4,http://www.wikidata.org/wiki/Q2993306
C7JV7SIA,2,0,http://www.wikidata.org/wiki/Q926610
C7JV7SIA,2,3,http://www.wikidata.org/wiki/Q746396
C7JV7SIA,1,3,http://www.wikidata.org/wiki/Q269576
C7JV7SIA,1,2,http://www.wikidata.org/wiki/Q5175016
C7JV7SIA,2,1,http://www.wikidata.org/wiki/Q43196041
C7JV7SIA,2,4,http://www.wikidata.org/wiki/Q2993306
C7JV7SIA,1,1,http://www.wikidata.org/wiki/Q5173006
C7JV7SIA,1,0,http://www.wikidata.org/wiki/Q943340
C7JV7SIA,2,2,http://www.wikidata.org/wiki/Q43196041
7JZOS56F,3,0,http://www.wikidata.org/wiki/Q78948123
7JZOS56F,5,0,http://www.wikidata.org/wiki/Q84925284
7JZOS56F,8,0,http://www.wikidata.org/wiki/Q84925284
7JZOS56F,1,0,http://www.wikidata.org/wiki/Q74284773
7JZOS56F,2,0,http://www.wikidata.org/wiki/Q84925284
7JZOS56F,9,0,http://www.wikidata.org/wiki/Q78948123
7JZOS56F,7,0,http://www.wikidata.org/wiki/Q74284773
7JZOS56F,6,0,http://www.wikidata.org/wiki/Q78948123
7JZOS56F,4,0,http://www.wikidata.org/wiki/Q74284773
U5V6QARC,1,0,http://www.wikidata.org/wiki/Q583893
X8VIPJJW,2,2,http://www.wikidata.org/wiki/Q12070066
X8VIPJJW,1,1,http://www.wikidata.org/wiki/Q575727
X8VIPJJW,1,0,http://www.wikidata.org/wiki/Q7119870
X8VIPJJW,2,0,http://www.wikidata.org/wiki/Q2289631
X8VIPJJW,2,1,http://www.wikidata.org/wiki/Q575727
HWNY9ILA,3,0,http://www.wikidata.org/wiki/Q19180675
HWNY9ILA,4,1,http://www.wikidata.org/wiki/Q42891
HWNY9ILA,4,2,http://www.wikidata.org/wiki/Q602358
HWNY9ILA,4,0,http://www.wikidata.org/wiki/Q193499
HWNY9ILA,2,0,http://www.wikidata.org/wiki/Q380817
HWNY9ILA,3,1,http://www.wikidata.org/wiki/Q1579
HWNY9ILA,1,0,http://www.wikidata.org/wiki/Q1061606
HWNY9ILA,1,1,http://www.wikidata.org/wiki/Q42891
HWNY9ILA,2,2,http://www.wikidata.org/wiki/Q602358
HWNY9ILA,2,1,http://www.wikidata.org/wiki/Q1579
HWNY9ILA,3,2,http://www.wikidata.org/wiki/Q602358
HWNY9ILA,1,2,http://www.wikidata.org/wiki/Q602358
GICSXOZ8,9,0,http://www.wikidata.org/wiki/Q725120
GICSXOZ8,2,0,http://www.wikidata.org/wiki/Q2324121
GICSXOZ8,5,0,http://www.wikidata.org/wiki/Q113503245
GICSXOZ8,10,0,http://www.wikidata.org/wiki/Q2278248
GICSXOZ8,13,0,http://www.wikidata.org/wiki/Q179736
GICSXOZ8,6,0,http://www.wikidata.org/wiki/Q12401731
GICSXOZ8,11,0,http://www.wikidata.org/wiki/Q2725
GICSXOZ8,1,0,http://www.wikidata.org/wiki/Q2567844
GICSXOZ8,4,0,http://www.wikidata.org/wiki/Q112074206
GICSXOZ8,8,0,http://www.wikidata.org/wiki/Q754796
GICSXOZ8,12,0,http://www.wikidata.org/wiki/Q2725
GICSXOZ8,3,0,http://www.wikidata.org/wiki/Q467791
GICSXOZ8,7,0,http://www.wikidata.org/wiki/Q1048525
NOS8JM8U,2,3,http://www.wikidata.org/wiki/Q2441261
NOS8JM8U,3,0,http://www.wikidata.org/wiki/Q1702897
NOS8JM8U,2,0,http://www.wikidata.org/wiki/Q1702897
NOS8JM8U,1,1,http://www.wikidata.org/wiki/Q1628507
NOS8JM8U,1,0,http://www.wikidata.org/wiki/Q1702897
NOS8JM8U,1,3,http://www.wikidata.org/wiki/Q2441261
NOS8JM8U,2,1,http://www.wikidata.org/wiki/Q1628507
NOS8JM8U,2,2,http://www.wikidata.org/wiki/Q319172
NOS8JM8U,1,2,http://www.wikidata.org/wiki/Q319172
NOS8JM8U,3,1,http://www.wikidata.org/wiki/Q16
REIULX5M,0,3,http://www.wikidata.org/wiki/Q17021874
REIULX5M,0,2,http://www.wikidata.org/wiki/Q202088
REIULX5M,1,3,http://www.wikidata.org/wiki/Q7981531
REIULX5M,1,2,http://www.wikidata.org/wiki/Q1930
RPQVB0A5,2,2,http://www.wikidata.org/wiki/Q423901
RPQVB0A5,4,0,http://www.wikidata.org/wiki/Q623
RPQVB0A5,3,2,http://www.wikidata.org/wiki/Q423901
RPQVB0A5,4,2,http://www.wikidata.org/wiki/Q423901
RPQVB0A5,8,0,http://www.wikidata.org/wiki/Q623
RPQVB0A5,6,2,http://www.wikidata.org/wiki/Q423901
RPQVB0A5,2,0,http://www.wikidata.org/wiki/Q623
RPQVB0A5,1,0,http://www.wikidata.org/wiki/Q650
RPQVB0A5,3,0,http://www.wikidata.org/wiki/Q650
RPQVB0A5,5,0,http://www.wikidata.org/wiki/Q650
RPQVB0A5,7,0,http://www.wikidata.org/wiki/Q650
RPQVB0A5,6,0,http://www.wikidata.org/wiki/Q623
RPQVB0A5,8,2,http://www.wikidata.org/wiki/Q423901
RPQVB0A5,1,2,http://www.wikidata.org/wiki/Q722568
RPQVB0A5,5,2,http://www.wikidata.org/wiki/Q423901
RPQVB0A5,7,2,http://www.wikidata.org/wiki/Q423901
54TC2JGI,0,0,http://www.wikidata.org/wiki/Q4645770
54TC2JGI,1,0,http://www.wikidata.org/wiki/Q54165826
54TC2JGI,1,2,http://www.wikidata.org/wiki/Q4716548
54TC2JGI,2,2,http://www.wikidata.org/wiki/Q53582358
54TC2JGI,1,1,http://www.wikidata.org/wiki/Q4546248
54TC2JGI,2,0,http://www.wikidata.org/wiki/Q4855967
54TC2JGI,0,2,http://www.wikidata.org/wiki/Q47165
WUV0SEY5,2,2,http://www.wikidata.org/wiki/Q3299074
WUV0SEY5,3,3,http://www.wikidata.org/wiki/Q142
WUV0SEY5,2,1,http://www.wikidata.org/wiki/Q3117815
WUV0SEY5,4,1,http://www.wikidata.org/wiki/Q3117815
WUV0SEY5,3,0,http://www.wikidata.org/wiki/Q819311
WUV0SEY5,4,0,http://www.wikidata.org/wiki/Q819311
WUV0SEY5,1,2,http://www.wikidata.org/wiki/Q1079140
WUV0SEY5,1,3,http://www.wikidata.org/wiki/Q30
WUV0SEY5,2,0,http://www.wikidata.org/wiki/Q3577934
WUV0SEY5,3,2,http://www.wikidata.org/wiki/Q3299074
WUV0SEY5,2,3,http://www.wikidata.org/wiki/Q142
WUV0SEY5,1,1,http://www.wikidata.org/wiki/Q6608367
WUV0SEY5,1,0,http://www.wikidata.org/wiki/Q6023665
WUV0SEY5,3,1,http://www.wikidata.org/wiki/Q3117815
6RSSK6K9,9,0,http://www.wikidata.org/wiki/Q5849528
6RSSK6K9,10,0,http://www.wikidata.org/wiki/Q58685163
6RSSK6K9,8,0,http://www.wikidata.org/wiki/Q29472401
6RSSK6K9,1,0,http://www.wikidata.org/wiki/Q12514
6RSSK6K9,2,0,http://www.wikidata.org/wiki/Q3375894
6RSSK6K9,6,0,http://www.wikidata.org/wiki/Q5279306
6RSSK6K9,11,0,http://www.wikidata.org/wiki/Q10838067
6RSSK6K9,5,0,http://www.wikidata.org/wiki/Q35709574
6RSSK6K9,12,0,http://www.wikidata.org/wiki/Q111543022
6RSSK6K9,7,0,http://www.wikidata.org/wiki/Q1764249
6RSSK6K9,3,0,http://www.wikidata.org/wiki/Q21948385
6RSSK6K9,4,0,http://www.wikidata.org/wiki/Q58685163
2QBKPLKN,2,3,http://www.wikidata.org/wiki/Q17058425
2QBKPLKN,1,2,http://www.wikidata.org/wiki/Q6655
2QBKPLKN,4,0,http://www.wikidata.org/wiki/Q60453
2QBKPLKN,1,0,http://www.wikidata.org/wiki/Q83236
2QBKPLKN,3,1,http://www.wikidata.org/wiki/Q34993
2QBKPLKN,2,0,http://www.wikidata.org/wiki/Q60453
2QBKPLKN,2,1,http://www.wikidata.org/wiki/Q14641
2QBKPLKN,1,3,http://www.wikidata.org/wiki/Q64825650
2QBKPLKN,3,0,http://www.wikidata.org/wiki/Q83236
2QBKPLKN,2,2,http://www.wikidata.org/wiki/Q207020
2QBKPLKN,1,1,http://www.wikidata.org/wiki/Q34993
2QBKPLKN,3,3,http://www.wikidata.org/wiki/Q64825650
2QBKPLKN,3,2,http://www.wikidata.org/wiki/Q6655
I5VXHAFU,2,0,http://www.wikidata.org/wiki/Q1778073
I5VXHAFU,2,2,http://www.wikidata.org/wiki/Q446115
I5VXHAFU,1,1,http://www.wikidata.org/wiki/Q34178
I5VXHAFU,1,0,http://www.wikidata.org/wiki/Q85329238
I5VXHAFU,2,1,http://www.wikidata.org/wiki/Q77468620
I5VXHAFU,1,2,http://www.wikidata.org/wiki/Q9438
X98MVBH8,6,0,http://www.wikidata.org/wiki/Q15825919
X98MVBH8,4,0,http://www.wikidata.org/wiki/Q15825919
X98MVBH8,3,1,http://www.wikidata.org/wiki/Q233283
X98MVBH8,6,1,http://www.wikidata.org/wiki/Q19889
X98MVBH8,7,0,http://www.wikidata.org/wiki/Q15825
X98MVBH8,2,0,http://www.wikidata.org/wiki/Q15825919
X98MVBH8,1,1,http://www.wikidata.org/wiki/Q233283
X98MVBH8,5,1,http://www.wikidata.org/wiki/Q233283
X98MVBH8,3,0,http://www.wikidata.org/wiki/Q5432514
X98MVBH8,1,0,http://www.wikidata.org/wiki/Q17572283
X98MVBH8,4,1,http://www.wikidata.org/wiki/Q19889
X98MVBH8,5,0,http://www.wikidata.org/wiki/Q5432514
X98MVBH8,2,1,http://www.wikidata.org/wiki/Q19889
09WNG86U,1,1,http://www.wikidata.org/wiki/Q7407270
09WNG86U,1,2,http://www.wikidata.org/wiki/Q49799
09WNG86U,1,0,http://www.wikidata.org/wiki/Q49794
09WNG86U,2,2,http://www.wikidata.org/wiki/Q34151
09WNG86U,2,1,http://www.wikidata.org/wiki/Q187165
09WNG86U,2,0,http://www.wikidata.org/wiki/Q30874
SHHM5MQ9,2,0,http://www.wikidata.org/wiki/Q66537943
SHHM5MQ9,3,1,http://www.wikidata.org/wiki/Q3217
SHHM5MQ9,2,1,http://www.wikidata.org/wiki/Q801490
SHHM5MQ9,2,3,http://www.wikidata.org/wiki/Q1022
SHHM5MQ9,1,1,http://www.wikidata.org/wiki/Q321722
SHHM5MQ9,1,0,http://www.wikidata.org/wiki/Q67501804
SHHM5MQ9,1,3,http://www.wikidata.org/wiki/Q7032
SHHM5MQ9,3,0,http://www.wikidata.org/wiki/Q67501804
C4VHNN8T,2,2,http://www.wikidata.org/wiki/Q459719
C4VHNN8T,3,0,http://www.wikidata.org/wiki/Q1852249
C4VHNN8T,4,1,http://www.wikidata.org/wiki/Q1494645
C4VHNN8T,4,2,http://www.wikidata.org/wiki/Q459719
C4VHNN8T,5,0,http://www.wikidata.org/wiki/Q1852249
C4VHNN8T,1,1,http://www.wikidata.org/wiki/Q1128609
C4VHNN8T,1,0,http://www.wikidata.org/wiki/Q1852249
C4VHNN8T,4,0,http://www.wikidata.org/wiki/Q15264238
C4VHNN8T,2,1,http://www.wikidata.org/wiki/Q1494645
C4VHNN8T,3,2,http://www.wikidata.org/wiki/Q66766
C4VHNN8T,1,2,http://www.wikidata.org/wiki/Q66766
C4VHNN8T,3,1,http://www.wikidata.org/wiki/Q1128609
C4VHNN8T,2,0,http://www.wikidata.org/wiki/Q15264238
N1AKWQIT,1,0,http://www.wikidata.org/wiki/Q181479
N1AKWQIT,4,0,http://www.wikidata.org/wiki/Q117472619
N1AKWQIT,2,1,http://www.wikidata.org/wiki/Q1495884
N1AKWQIT,1,2,http://www.wikidata.org/wiki/Q117472619
N1AKWQIT,1,1,http://www.wikidata.org/wiki/Q2385988
N1AKWQIT,2,0,http://www.wikidata.org/wiki/Q664955
XH4O45WH,1,0,http://www.wikidata.org/wiki/Q86519058
XH4O45WH,2,0,http://www.wikidata.org/wiki/Q86072447
5QOL31U1,2,2,http://www.wikidata.org/wiki/Q6489772
5QOL31U1,1,0,http://www.wikidata.org/wiki/Q5253344
5QOL31U1,2,1,http://www.wikidata.org/wiki/Q6468691
5QOL31U1,2,0,http://www.wikidata.org/wiki/Q5253344
2GBLG3HN,4,0,http://www.wikidata.org/wiki/Q62021439
2GBLG3HN,5,0,http://www.wikidata.org/wiki/Q62021747
2GBLG3HN,1,2,http://www.wikidata.org/wiki/Q685595
2GBLG3HN,3,0,http://www.wikidata.org/wiki/Q62021747
2GBLG3HN,3,1,http://www.wikidata.org/wiki/Q131
2GBLG3HN,2,2,http://www.wikidata.org/wiki/Q655446
2GBLG3HN,4,1,http://www.wikidata.org/wiki/Q131
2GBLG3HN,4,2,http://www.wikidata.org/wiki/Q655446
2GBLG3HN,5,1,http://www.wikidata.org/wiki/Q13
2GBLG3HN,2,0,http://www.wikidata.org/wiki/Q62021439
2GBLG3HN,1,0,http://www.wikidata.org/wiki/Q4659250
2GBLG3HN,3,2,http://www.wikidata.org/wiki/Q655446
2GBLG3HN,2,1,http://www.wikidata.org/wiki/Q131
2GBLG3HN,1,1,http://www.wikidata.org/wiki/Q131
N70GU7P2,12,0,http://www.wikidata.org/wiki/Q3353
N70GU7P2,5,0,http://www.wikidata.org/wiki/Q288174
N70GU7P2,10,0,http://www.wikidata.org/wiki/Q477795
N70GU7P2,1,0,http://www.wikidata.org/wiki/Q18845186
N70GU7P2,7,0,http://www.wikidata.org/wiki/Q494247
N70GU7P2,3,0,http://www.wikidata.org/wiki/Q4504994
N70GU7P2,13,0,http://www.wikidata.org/wiki/Q288174
N70GU7P2,6,0,http://www.wikidata.org/wiki/Q77877221
N70GU7P2,9,0,http://www.wikidata.org/wiki/Q403641
N70GU7P2,14,0,http://www.wikidata.org/wiki/Q77
N70GU7P2,2,0,http://www.wikidata.org/wiki/Q477795
N70GU7P2,4,0,http://www.wikidata.org/wiki/Q193584
N70GU7P2,11,0,http://www.wikidata.org/wiki/Q40406
N70GU7P2,8,0,http://www.wikidata.org/wiki/Q3343880
CCB3LNNJ,1,0,http://www.wikidata.org/wiki/Q2153831
CCB3LNNJ,2,1,http://www.wikidata.org/wiki/Q1336200
CCB3LNNJ,2,0,http://www.wikidata.org/wiki/Q4382268
CCB3LNNJ,3,0,http://www.wikidata.org/wiki/Q7495083
CCB3LNNJ,4,1,http://www.wikidata.org/wiki/Q2094098
CCB3LNNJ,4,0,http://www.wikidata.org/wiki/Q2153831
CCB3LNNJ,5,1,http://www.wikidata.org/wiki/Q1336200
CCB3LNNJ,3,1,http://www.wikidata.org/wiki/Q1764019
CCB3LNNJ,5,0,http://www.wikidata.org/wiki/Q4382268
CCB3LNNJ,1,1,http://www.wikidata.org/wiki/Q2094098
CCB3LNNJ,2,2,http://www.wikidata.org/wiki/Q15253784
CCB3LNNJ,3,2,http://www.wikidata.org/wiki/Q201913
Q9Y1IIJA,10,0,http://www.wikidata.org/wiki/Q2030287
Q9Y1IIJA,6,0,http://www.wikidata.org/wiki/Q2000879
Q9Y1IIJA,2,0,http://www.wikidata.org/wiki/Q2003809
Q9Y1IIJA,12,0,http://www.wikidata.org/wiki/Q17074844
Q9Y1IIJA,7,0,http://www.wikidata.org/wiki/Q112602966
Q9Y1IIJA,9,0,http://www.wikidata.org/wiki/Q113686426
Q9Y1IIJA,5,0,http://www.wikidata.org/wiki/Q2159651
Q9Y1IIJA,4,0,http://www.wikidata.org/wiki/Q17074844
Q9Y1IIJA,8,0,http://www.wikidata.org/wiki/Q5676680
Q9Y1IIJA,1,0,http://www.wikidata.org/wiki/Q2030287
Q9Y1IIJA,3,0,http://www.wikidata.org/wiki/Q1402011
Q9Y1IIJA,11,0,http://www.wikidata.org/wiki/Q2003809
SV7SNLAZ,6,1,http://www.wikidata.org/wiki/Q277466
SV7SNLAZ,2,1,http://www.wikidata.org/wiki/Q277466
SV7SNLAZ,3,1,http://www.wikidata.org/wiki/Q277466
SV7SNLAZ,3,0,http://www.wikidata.org/wiki/Q1589947
SV7SNLAZ,1,0,http://www.wikidata.org/wiki/Q1046223
SV7SNLAZ,2,0,http://www.wikidata.org/wiki/Q1589947
SV7SNLAZ,1,1,http://www.wikidata.org/wiki/Q502163
SV7SNLAZ,4,0,http://www.wikidata.org/wiki/Q1589947
SV7SNLAZ,4,1,http://www.wikidata.org/wiki/Q277466
SV7SNLAZ,6,0,http://www.wikidata.org/wiki/Q1589947
SV7SNLAZ,5,1,http://www.wikidata.org/wiki/Q502163
SV7SNLAZ,5,0,http://www.wikidata.org/wiki/Q1046218
SV7SNLAZ,7,0,http://www.wikidata.org/wiki/Q104621
VPVOC1V2,1,0,http://www.wikidata.org/wiki/Q3605978
VPVOC1V2,2,1,http://www.wikidata.org/wiki/Q2066970
VPVOC1V2,3,2,http://www.wikidata.org/wiki/Q474497
VPVOC1V2,2,0,http://www.wikidata.org/wiki/Q2066970
VPVOC1V2,2,2,http://www.wikidata.org/wiki/Q2066970
VPVOC1V2,3,1,http://www.wikidata.org/wiki/Q474497
VPVOC1V2,1,1,http://www.wikidata.org/wiki/Q36539
VPVOC1V2,1,2,http://www.wikidata.org/wiki/Q232264
VPVOC1V2,3,0,http://www.wikidata.org/wiki/Q474497
VPVOC1V2,4,2,http://www.wikidata.org/wiki/Q156753
VPVOC1V2,4,0,http://www.wikidata.org/wiki/Q156753
VPVOC1V2,4,1,http://www.wikidata.org/wiki/Q156753
E2JDF28U,3,1,http://www.wikidata.org/wiki/Q64366785
E2JDF28U,1,3,http://www.wikidata.org/wiki/Q59654730
E2JDF28U,2,2,http://www.wikidata.org/wiki/Q53597160
E2JDF28U,2,1,http://www.wikidata.org/wiki/Q53597160
E2JDF28U,2,3,http://www.wikidata.org/wiki/Q534426
E2JDF28U,3,2,http://www.wikidata.org/wiki/Q64366785
E2JDF28U,3,0,http://www.wikidata.org/wiki/Q64373229
E2JDF28U,1,1,http://www.wikidata.org/wiki/Q534426
E2JDF28U,1,2,http://www.wikidata.org/wiki/Q534426
E2JDF28U,2,0,http://www.wikidata.org/wiki/Q7697543
E2JDF28U,1,0,http://www.wikidata.org/wiki/Q5687
L6UCBZOH,1,3,http://www.wikidata.org/wiki/Q182
L6UCBZOH,1,2,http://www.wikidata.org/wiki/Q1478931
L6UCBZOH,3,2,http://www.wikidata.org/wiki/Q216660
L6UCBZOH,3,3,http://www.wikidata.org/wiki/Q192870
L6UCBZOH,2,1,http://www.wikidata.org/wiki/Q671207
L6UCBZOH,2,2,http://www.wikidata.org/wiki/Q22231119
L6UCBZOH,3,1,http://www.wikidata.org/wiki/Q1567803
L6UCBZOH,2,0,http://www.wikidata.org/wiki/Q1044178
L6UCBZOH,1,1,http://www.wikidata.org/wiki/Q671207
L6UCBZOH,2,3,http://www.wikidata.org/wiki/Q1418
L6UCBZOH,1,0,http://www.wikidata.org/wiki/Q1049816
L6UCBZOH,3,0,http://www.wikidata.org/wiki/Q2638913
4Y1LFSC0,1,1,http://www.wikidata.org/wiki/Q10387684
4Y1LFSC0,1,3,http://www.wikidata.org/wiki/Q677
4Y1LFSC0,1,4,http://www.wikidata.org/wiki/Q142
4Y1LFSC0,3,1,http://www.wikidata.org/wiki/Q10387684
4Y1LFSC0,3,2,http://www.wikidata.org/wiki/Q188780
4Y1LFSC0,2,3,http://www.wikidata.org/wiki/Q287
4Y1LFSC0,1,2,http://www.wikidata.org/wiki/Q202560
4Y1LFSC0,2,0,http://www.wikidata.org/wiki/Q29262921
4Y1LFSC0,2,1,http://www.wikidata.org/wiki/Q10387684
4Y1LFSC0,1,0,http://www.wikidata.org/wiki/Q29377828
4Y1LFSC0,3,0,http://www.wikidata.org/wiki/Q29262921
4Y1LFSC0,2,2,http://www.wikidata.org/wiki/Q188780
4Y1LFSC0,2,4,http://www.wikidata.org/wiki/Q142
HLF409VQ,9,0,http://www.wikidata.org/wiki/Q61779257
HLF409VQ,11,0,http://www.wikidata.org/wiki/Q16615865
HLF409VQ,5,0,http://www.wikidata.org/wiki/Q3235839
HLF409VQ,2,0,http://www.wikidata.org/wiki/Q18882053
HLF409VQ,7,0,http://www.wikidata.org/wiki/Q1657879
HLF409VQ,8,0,http://www.wikidata.org/wiki/Q61779237
HLF409VQ,1,0,http://www.wikidata.org/wiki/Q18882054
HLF409VQ,10,0,http://www.wikidata.org/wiki/Q61779236
HLF409VQ,6,0,http://www.wikidata.org/wiki/Q585715
HLF409VQ,4,0,http://www.wikidata.org/wiki/Q371509
HLF409VQ,3,0,http://www.wikidata.org/wiki/Q1010194
ODPLFZ6C,2,1,http://www.wikidata.org/wiki/Q21590062
ODPLFZ6C,2,0,http://www.wikidata.org/wiki/Q21485541
ODPLFZ6C,1,1,http://www.wikidata.org/wiki/Q1974
ODPLFZ6C,1,0,http://www.wikidata.org/wiki/Q6046693
L6NP2KV8,5,0,http://www.wikidata.org/wiki/Q1495122
L6NP2KV8,2,0,http://www.wikidata.org/wiki/Q935545
L6NP2KV8,8,0,http://www.wikidata.org/wiki/Q109063087
L6NP2KV8,11,0,http://www.wikidata.org/wiki/Q1
L6NP2KV8,4,0,http://www.wikidata.org/wiki/Q1495122
L6NP2KV8,1,0,http://www.wikidata.org/wiki/Q1018882
L6NP2KV8,6,0,http://www.wikidata.org/wiki/Q109063087
L6NP2KV8,9,0,http://www.wikidata.org/wiki/Q109063087
L6NP2KV8,10,0,http://www.wikidata.org/wiki/Q1495122
L6NP2KV8,7,0,http://www.wikidata.org/wiki/Q1495122
L6NP2KV8,3,0,http://www.wikidata.org/wiki/Q1495122
F6C0TD7P,1,1,http://www.wikidata.org/wiki/Q1513996
F6C0TD7P,1,0,http://www.wikidata.org/wiki/Q1383955
F6C0TD7P,2,0,http://www.wikidata.org/wiki/Q1514001
F6C0TD7P,0,0,http://www.wikidata.org/wiki/Q1202139
F6C0TD7P,2,1,http://www.wikidata.org/wiki/Q1513999
F6C0TD7P,2,2,http://www.wikidata.org/wiki/Q7291
F6C0TD7P,0,2,http://www.wikidata.org/wiki/Q7291
F6C0TD7P,1,2,http://www.wikidata.org/wiki/Q7291
F6C0TD7P,0,1,http://www.wikidata.org/wiki/Q1383955
QSVN9W94,3,0,http://www.wikidata.org/wiki/Q30789974
QSVN9W94,4,2,http://www.wikidata.org/wiki/Q1984245
QSVN9W94,2,2,http://www.wikidata.org/wiki/Q1984245
QSVN9W94,1,2,http://www.wikidata.org/wiki/Q1433206
QSVN9W94,1,0,http://www.wikidata.org/wiki/Q30868885
QSVN9W94,3,1,http://www.wikidata.org/wiki/Q385405
QSVN9W94,2,0,http://www.wikidata.org/wiki/Q33323121
QSVN9W94,2,1,http://www.wikidata.org/wiki/Q385405
QSVN9W94,4,1,http://www.wikidata.org/wiki/Q385405
QSVN9W94,1,1,http://www.wikidata.org/wiki/Q385405
QSVN9W94,3,2,http://www.wikidata.org/wiki/Q1433206
QSVN9W94,4,0,http://www.wikidata.org/wiki/Q31207782
0PHI00BL,6,0,http://www.wikidata.org/wiki/Q76864441
0PHI00BL,2,0,http://www.wikidata.org/wiki/Q76864441
0PHI00BL,5,0,http://www.wikidata.org/wiki/Q76868017
0PHI00BL,4,0,http://www.wikidata.org/wiki/Q76861928
0PHI00BL,3,0,http://www.wikidata.org/wiki/Q76858505
0PHI00BL,8,0,http://www.wikidata.org/wiki/Q76861928
0PHI00BL,1,0,http://www.wikidata.org/wiki/Q76868017
0PHI00BL,9,0,http://www.wikidata.org/wiki/Q768644
0PHI00BL,7,0,http://www.wikidata.org/wiki/Q76858505
MO14N8DW,5,0,http://www.wikidata.org/wiki/Q1565773
MO14N8DW,3,0,http://www.wikidata.org/wiki/Q10749631
MO14N8DW,4,0,http://www.wikidata.org/wiki/Q78808331
MO14N8DW,2,0,http://www.wikidata.org/wiki/Q85273427
MO14N8DW,6,0,http://www.wikidata.org/wiki/Q18
MO14N8DW,1,0,http://www.wikidata.org/wiki/Q85524040
SY06ND0O,3,2,http://www.wikidata.org/wiki/Q58742908
SY06ND0O,4,2,http://www.wikidata.org/wiki/Q58742908
SY06ND0O,5,2,http://www.wikidata.org/wiki/Q59307323
SY06ND0O,1,2,http://www.wikidata.org/wiki/Q24191504
SY06ND0O,5,0,http://www.wikidata.org/wiki/Q507057
SY06ND0O,2,2,http://www.wikidata.org/wiki/Q6314180
SY06ND0O,3,0,http://www.wikidata.org/wiki/Q507057
SY06ND0O,1,0,http://www.wikidata.org/wiki/Q19879408
SY06ND0O,2,0,http://www.wikidata.org/wiki/Q16851824
SY06ND0O,4,0,http://www.wikidata.org/wiki/Q507057
MB3AZLUT,1,0,http://www.wikidata.org/wiki/Q4599216
MB3AZLUT,8,0,http://www.wikidata.org/wiki/Q14875255
MB3AZLUT,7,0,http://www.wikidata.org/wiki/Q1809578
MB3AZLUT,6,0,http://www.wikidata.org/wiki/Q14875255
MB3AZLUT,3,0,http://www.wikidata.org/wiki/Q21006970
MB3AZLUT,4,0,http://www.wikidata.org/wiki/Q46622
MB3AZLUT,3,2,http://www.wikidata.org/wiki/Q4600620
MB3AZLUT,5,0,http://www.wikidata.org/wiki/Q7862674
MB3AZLUT,9,0,http://www.wikidata.org/wiki/Q18095
MB3AZLUT,1,2,http://www.wikidata.org/wiki/Q4600620
MB3AZLUT,2,2,http://www.wikidata.org/wiki/Q4599216
MB3AZLUT,2,0,http://www.wikidata.org/wiki/Q4597954
D1551SQW,5,2,http://www.wikidata.org/wiki/Q175
D1551SQW,6,0,http://www.wikidata.org/wiki/Q27876724
D1551SQW,7,0,http://www.wikidata.org/wiki/Q27876724
D1551SQW,7,2,http://www.wikidata.org/wiki/Q175
D1551SQW,4,2,http://www.wikidata.org/wiki/Q175
D1551SQW,6,2,http://www.wikidata.org/wiki/Q175
D1551SQW,4,0,http://www.wikidata.org/wiki/Q27876724
D1551SQW,3,0,http://www.wikidata.org/wiki/Q26961017
D1551SQW,2,0,http://www.wikidata.org/wiki/Q27876724
D1551SQW,3,2,http://www.wikidata.org/wiki/Q175
D1551SQW,1,0,http://www.wikidata.org/wiki/Q27791998
D1551SQW,2,2,http://www.wikidata.org/wiki/Q175
D1551SQW,5,0,http://www.wikidata.org/wiki/Q26961017
D1551SQW,1,2,http://www.wikidata.org/wiki/Q175
QUVE25Y9,2,2,http://www.wikidata.org/wiki/Q122
QUVE25Y9,9,0,http://www.wikidata.org/wiki/Q947143
QUVE25Y9,3,0,http://www.wikidata.org/wiki/Q5904
QUVE25Y9,5,0,http://www.wikidata.org/wiki/Q5904
QUVE25Y9,8,0,http://www.wikidata.org/wiki/Q947143
QUVE25Y9,8,2,http://www.wikidata.org/wiki/Q122
QUVE25Y9,6,0,http://www.wikidata.org/wiki/Q5904
QUVE25Y9,4,2,http://www.wikidata.org/wiki/Q122
QUVE25Y9,7,2,http://www.wikidata.org/wiki/Q122
QUVE25Y9,2,0,http://www.wikidata.org/wiki/Q5904
QUVE25Y9,1,2,http://www.wikidata.org/wiki/Q122
QUVE25Y9,4,0,http://www.wikidata.org/wiki/Q5904
QUVE25Y9,5,2,http://www.wikidata.org/wiki/Q122
QUVE25Y9,7,0,http://www.wikidata.org/wiki/Q5904
QUVE25Y9,3,2,http://www.wikidata.org/wiki/Q122
QUVE25Y9,1,0,http://www.wikidata.org/wiki/Q947143
QUVE25Y9,6,2,http://www.wikidata.org/wiki/Q122
QUVE25Y9,9,2,http://www.wikidata.org/wiki/Q122
0R6SPHNH,4,1,http://www.wikidata.org/wiki/Q1489
0R6SPHNH,2,1,http://www.wikidata.org/wiki/Q1489
0R6SPHNH,3,0,http://www.wikidata.org/wiki/Q171785
0R6SPHNH,1,1,http://www.wikidata.org/wiki/Q173099
0R6SPHNH,2,0,http://www.wikidata.org/wiki/Q171785
0R6SPHNH,5,0,http://www.wikidata.org/wiki/Q171785
0R6SPHNH,3,1,http://www.wikidata.org/wiki/Q1489
0R6SPHNH,5,1,http://www.wikidata.org/wiki/Q1489
0R6SPHNH,1,0,http://www.wikidata.org/wiki/Q171629
0R6SPHNH,2,3,http://www.wikidata.org/wiki/Q3128
0R6SPHNH,4,0,http://www.wikidata.org/wiki/Q171664
0R6SPHNH,4,3,http://www.wikidata.org/wiki/Q3128
0R6SPHNH,3,3,http://www.wikidata.org/wiki/Q3128
0R6SPHNH,1,3,http://www.wikidata.org/wiki/Q3137
ZS1R32BT,4,0,http://www.wikidata.org/wiki/Q18008283
ZS1R32BT,2,0,http://www.wikidata.org/wiki/Q18008283
ZS1R32BT,3,0,http://www.wikidata.org/wiki/Q18768112
ZS1R32BT,3,2,http://www.wikidata.org/wiki/Q60939304
ZS1R32BT,4,2,http://www.wikidata.org/wiki/Q18007966
ZS1R32BT,5,0,http://www.wikidata.org/wiki/Q18008283
ZS1R32BT,2,2,http://www.wikidata.org/wiki/Q18007966
ZS1R32BT,5,2,http://www.wikidata.org/wiki/Q18007966
ZS1R32BT,6,0,http://www.wikidata.org/wiki/Q60939304
ZS1R32BT,1,2,http://www.wikidata.org/wiki/Q67329778
ZS1R32BT,1,0,http://www.wikidata.org/wiki/Q18768112
I6B9E39Z,2,1,http://www.wikidata.org/wiki/Q1490
I6B9E39Z,2,2,http://www.wikidata.org/wiki/Q731738
I6B9E39Z,1,1,http://www.wikidata.org/wiki/Q48320
I6B9E39Z,1,0,http://www.wikidata.org/wiki/Q52183132
I6B9E39Z,2,0,http://www.wikidata.org/wiki/Q52183371
I6B9E39Z,1,2,http://www.wikidata.org/wiki/Q1543757
1HCYUNQA,1,0,http://www.wikidata.org/wiki/Q20914954
1HCYUNQA,4,0,http://www.wikidata.org/wiki/Q2272157
1HCYUNQA,4,1,http://www.wikidata.org/wiki/Q466977
1HCYUNQA,3,0,http://www.wikidata.org/wiki/Q28127307
1HCYUNQA,1,1,http://www.wikidata.org/wiki/Q466977
1HCYUNQA,1,2,http://www.wikidata.org/wiki/Q55393594
1HCYUNQA,2,1,http://www.wikidata.org/wiki/Q466977
1HCYUNQA,3,1,http://www.wikidata.org/wiki/Q466977
1HCYUNQA,2,0,http://www.wikidata.org/wiki/Q22075480
1HCYUNQA,2,2,http://www.wikidata.org/wiki/Q43881401
1HCYUNQA,3,2,http://www.wikidata.org/wiki/Q43881401
WSDJC1IW,2,0,http://www.wikidata.org/wiki/Q1154782
WSDJC1IW,1,0,http://www.wikidata.org/wiki/Q12154902
WSDJC1IW,2,1,http://www.wikidata.org/wiki/Q2657718
WSDJC1IW,4,2,http://www.wikidata.org/wiki/Q544617
WSDJC1IW,4,1,http://www.wikidata.org/wiki/Q2657718
WSDJC1IW,5,0,http://www.wikidata.org/wiki/Q1
WSDJC1IW,3,0,http://www.wikidata.org/wiki/Q5205886
WSDJC1IW,2,2,http://www.wikidata.org/wiki/Q544617
WSDJC1IW,1,1,http://www.wikidata.org/wiki/Q774515
WSDJC1IW,4,0,http://www.wikidata.org/wiki/Q1154782
WSDJC1IW,3,2,http://www.wikidata.org/wiki/Q544617
WSDJC1IW,3,1,http://www.wikidata.org/wiki/Q2657718
WSDJC1IW,1,2,http://www.wikidata.org/wiki/Q47489232
ZF8FU0NY,1,3,http://www.wikidata.org/wiki/Q7
UWTN9EPP,6,0,http://www.wikidata.org/wiki/Q2365252
UWTN9EPP,8,0,http://www.wikidata.org/wiki/Q2555200
UWTN9EPP,10,0,http://www.wikidata.org/wiki/Q2402433
UWTN9EPP,7,0,http://www.wikidata.org/wiki/Q2409784
UWTN9EPP,1,0,http://www.wikidata.org/wiki/Q2639061
UWTN9EPP,3,0,http://www.wikidata.org/wiki/Q2365252
UWTN9EPP,9,0,http://www.wikidata.org/wiki/Q2365252
UWTN9EPP,2,0,http://www.wikidata.org/wiki/Q2409784
UWTN9EPP,12,0,http://www.wikidata.org/wiki/Q2639061
UWTN9EPP,4,0,http://www.wikidata.org/wiki/Q2402433
UWTN9EPP,11,0,http://www.wikidata.org/wiki/Q2555200
UWTN9EPP,5,0,http://www.wikidata.org/wiki/Q2555200
YW6LFYUE,3,1,http://www.wikidata.org/wiki/Q321083
YW6LFYUE,2,1,http://www.wikidata.org/wiki/Q9099112
YW6LFYUE,1,1,http://www.wikidata.org/wiki/Q6175191
YW6LFYUE,1,2,http://www.wikidata.org/wiki/Q35722
YW6LFYUE,3,0,http://www.wikidata.org/wiki/Q4025801
YW6LFYUE,3,2,http://www.wikidata.org/wiki/Q36155
YW6LFYUE,2,0,http://www.wikidata.org/wiki/Q26752
YW6LFYUE,1,0,http://www.wikidata.org/wiki/Q467784
YW6LFYUE,2,2,http://www.wikidata.org/wiki/Q36734
D2TM9RIM,4,0,http://www.wikidata.org/wiki/Q1266964
D2TM9RIM,3,2,http://www.wikidata.org/wiki/Q1286366
D2TM9RIM,1,0,http://www.wikidata.org/wiki/Q3335210
D2TM9RIM,1,2,http://www.wikidata.org/wiki/Q1171970
D2TM9RIM,6,0,http://www.wikidata.org/wiki/Q1266964
D2TM9RIM,5,0,http://www.wikidata.org/wiki/Q1266964
D2TM9RIM,2,2,http://www.wikidata.org/wiki/Q129967
D2TM9RIM,3,0,http://www.wikidata.org/wiki/Q1286366
D2TM9RIM,5,2,http://www.wikidata.org/wiki/Q1266964
D2TM9RIM,2,0,http://www.wikidata.org/wiki/Q1266964
D2TM9RIM,4,2,http://www.wikidata.org/wiki/Q1266964
D2TM9RIM,6,2,http://www.wikidata.org/wiki/Q1
XRD5WLMG,4,3,http://www.wikidata.org/wiki/Q108022692
XRD5WLMG,2,0,http://www.wikidata.org/wiki/Q48837
XRD5WLMG,5,0,http://www.wikidata.org/wiki/Q91996442
XRD5WLMG,3,0,http://www.wikidata.org/wiki/Q105730256
XRD5WLMG,1,3,http://www.wikidata.org/wiki/Q7603271
XRD5WLMG,2,3,http://www.wikidata.org/wiki/Q673088
XRD5WLMG,6,0,http://www.wikidata.org/wiki/Q84210627
XRD5WLMG,7,0,http://www.wikidata.org/wiki/Q96370753
XRD5WLMG,5,3,http://www.wikidata.org/wiki/Q89429922
XRD5WLMG,3,3,http://www.wikidata.org/wiki/Q295272
XRD5WLMG,1,0,http://www.wikidata.org/wiki/Q58915
XRD5WLMG,4,0,http://www.wikidata.org/wiki/Q982535
R9UJ523W,1,0,http://www.wikidata.org/wiki/Q2891278
R9UJ523W,2,1,http://www.wikidata.org/wiki/Q6723
R9UJ523W,5,0,http://www.wikidata.org/wiki/Q2916550
R9UJ523W,4,2,http://www.wikidata.org/wiki/Q83241
R9UJ523W,3,2,http://www.wikidata.org/wiki/Q83241
R9UJ523W,1,2,http://www.wikidata.org/wiki/Q188781
R9UJ523W,2,0,http://www.wikidata.org/wiki/Q2916550
R9UJ523W,1,1,http://www.wikidata.org/wiki/Q6723
R9UJ523W,3,0,http://www.wikidata.org/wiki/Q2916550
R9UJ523W,2,2,http://www.wikidata.org/wiki/Q83241
R9UJ523W,5,1,http://www.wikidata.org/wiki/Q6723
R9UJ523W,4,1,http://www.wikidata.org/wiki/Q6723
R9UJ523W,3,1,http://www.wikidata.org/wiki/Q6723
R9UJ523W,4,0,http://www.wikidata.org/wiki/Q2916550
567HTRSM,1,3,http://www.wikidata.org/wiki/Q1142489
567HTRSM,3,3,http://www.wikidata.org/wiki/Q1142489
567HTRSM,2,2,http://www.wikidata.org/wiki/Q11220
567HTRSM,3,2,http://www.wikidata.org/wiki/Q11220
567HTRSM,1,2,http://www.wikidata.org/wiki/Q11220
567HTRSM,2,3,http://www.wikidata.org/wiki/Q1142489
567HTRSM,4,0,http://www.wikidata.org/wiki/Q978610
567HTRSM,2,0,http://www.wikidata.org/wiki/Q978610
567HTRSM,3,0,http://www.wikidata.org/wiki/Q7872328
567HTRSM,1,1,http://www.wikidata.org/wiki/Q82610
567HTRSM,3,1,http://www.wikidata.org/wiki/Q82610
567HTRSM,1,0,http://www.wikidata.org/wiki/Q2297167
567HTRSM,2,1,http://www.wikidata.org/wiki/Q82610
567HTRSM,4,1,http://www.wikidata.org/wiki/Q82610
FJ7Q9D3W,5,1,http://www.wikidata.org/wiki/Q553434
FJ7Q9D3W,5,0,http://www.wikidata.org/wiki/Q3976873
FJ7Q9D3W,2,1,http://www.wikidata.org/wiki/Q5534340
FJ7Q9D3W,4,0,http://www.wikidata.org/wiki/Q3976873
FJ7Q9D3W,4,1,http://www.wikidata.org/wiki/Q5534340
FJ7Q9D3W,2,2,http://www.wikidata.org/wiki/Q131539
FJ7Q9D3W,2,0,http://www.wikidata.org/wiki/Q3976873
FJ7Q9D3W,1,2,http://www.wikidata.org/wiki/Q3940779
FJ7Q9D3W,3,1,http://www.wikidata.org/wiki/Q5534340
FJ7Q9D3W,4,2,http://www.wikidata.org/wiki/Q131539
FJ7Q9D3W,3,2,http://www.wikidata.org/wiki/Q131539
FJ7Q9D3W,1,0,http://www.wikidata.org/wiki/Q1373644
FJ7Q9D3W,1,1,http://www.wikidata.org/wiki/Q3014183
FJ7Q9D3W,3,0,http://www.wikidata.org/wiki/Q3976873
DGXDLKW9,2,3,http://www.wikidata.org/wiki/Q947079
DGXDLKW9,3,3,http://www.wikidata.org/wiki/Q947079
DGXDLKW9,1,3,http://www.wikidata.org/wiki/Q947079
DGXDLKW9,1,2,http://www.wikidata.org/wiki/Q268628
DGXDLKW9,4,0,http://www.wikidata.org/wiki/Q591412
DGXDLKW9,3,0,http://www.wikidata.org/wiki/Q643660
DGXDLKW9,4,2,http://www.wikidata.org/wiki/Q213116
DGXDLKW9,2,0,http://www.wikidata.org/wiki/Q591412
DGXDLKW9,1,0,http://www.wikidata.org/wiki/Q643660
DGXDLKW9,4,3,http://www.wikidata.org/wiki/Q947079
DGXDLKW9,2,2,http://www.wikidata.org/wiki/Q213116
DGXDLKW9,3,2,http://www.wikidata.org/wiki/Q268628
Y6L3ZDN5,1,2,http://www.wikidata.org/wiki/Q4216528
Y6L3ZDN5,2,1,http://www.wikidata.org/wiki/Q80092725
Y6L3ZDN5,1,4,http://www.wikidata.org/wiki/Q30263824
Y6L3ZDN5,1,3,http://www.wikidata.org/wiki/Q4216528
Y6L3ZDN5,3,0,http://www.wikidata.org/wiki/Q18844821
Y6L3ZDN5,3,1,http://www.wikidata.org/wiki/Q73765375
Y6L3ZDN5,3,3,http://www.wikidata.org/wiki/Q4164478
Y6L3ZDN5,3,2,http://www.wikidata.org/wiki/Q4164478
Y6L3ZDN5,1,0,http://www.wikidata.org/wiki/Q8206
Y6L3ZDN5,2,2,http://www.wikidata.org/wiki/Q4459476
Y6L3ZDN5,2,3,http://www.wikidata.org/wiki/Q4459476
Y6L3ZDN5,2,0,http://www.wikidata.org/wiki/Q8200
UFAA7QQC,1,2,http://www.wikidata.org/wiki/Q69633297
UFAA7QQC,1,1,http://www.wikidata.org/wiki/Q842131
UFAA7QQC,1,0,http://www.wikidata.org/wiki/Q279745
UFAA7QQC,2,2,http://www.wikidata.org/wiki/Q178338
UFAA7QQC,2,1,http://www.wikidata.org/wiki/Q842131
UFAA7QQC,2,0,http://www.wikidata.org/wiki/Q246986
D7QT8XNX,2,0,http://www.wikidata.org/wiki/Q2100730
D7QT8XNX,1,0,http://www.wikidata.org/wiki/Q28375271
D7QT8XNX,3,0,http://www.wikidata.org/wiki/Q111543480
5SFOBVJG,1,0,http://www.wikidata.org/wiki/Q917429
5SFOBVJG,1,2,http://www.wikidata.org/wiki/Q1778838
CG2BC1ON,7,0,http://www.wikidata.org/wiki/Q106525227
CG2BC1ON,3,0,http://www.wikidata.org/wiki/Q768698
CG2BC1ON,4,0,http://www.wikidata.org/wiki/Q768698
CG2BC1ON,5,2,http://www.wikidata.org/wiki/Q111542660
CG2BC1ON,6,0,http://www.wikidata.org/wiki/Q106525227
CG2BC1ON,2,0,http://www.wikidata.org/wiki/Q12208
CG2BC1ON,7,2,http://www.wikidata.org/wiki/Q111542660
CG2BC1ON,1,2,http://www.wikidata.org/wiki/Q4169
CG2BC1ON,3,2,http://www.wikidata.org/wiki/Q106525227
CG2BC1ON,2,2,http://www.wikidata.org/wiki/Q4169
CG2BC1ON,4,2,http://www.wikidata.org/wiki/Q5653115
CG2BC1ON,1,0,http://www.wikidata.org/wiki/Q471969
CG2BC1ON,6,2,http://www.wikidata.org/wiki/Q111542435
CG2BC1ON,5,0,http://www.wikidata.org/wiki/Q106525227
TQ9NX5DC,4,4,http://www.wikidata.org/wiki/Q1199942
TQ9NX5DC,9,4,http://www.wikidata.org/wiki/Q183
TQ9NX5DC,3,0,http://www.wikidata.org/wiki/Q25304395
TQ9NX5DC,8,4,http://www.wikidata.org/wiki/Q100
TQ9NX5DC,3,4,http://www.wikidata.org/wiki/Q1193463
TQ9NX5DC,10,4,http://www.wikidata.org/wiki/Q100
TQ9NX5DC,11,4,http://www.wikidata.org/wiki/Q183
TQ9NX5DC,5,4,http://www.wikidata.org/wiki/Q100
TQ9NX5DC,2,0,http://www.wikidata.org/wiki/Q782
TQ9NX5DC,1,0,http://www.wikidata.org/wiki/Q797
TQ9NX5DC,2,4,http://www.wikidata.org/wiki/Q183
TQ9NX5DC,1,4,http://www.wikidata.org/wiki/Q100
TQ9NX5DC,12,4,http://www.wikidata.org/wiki/Q1193463
TQ9NX5DC,6,4,http://www.wikidata.org/wiki/Q183
TQ9NX5DC,4,0,http://www.wikidata.org/wiki/Q25868
TQ9NX5DC,7,4,http://www.wikidata.org/wiki/Q1199942
3TD4PM94,2,0,http://www.wikidata.org/wiki/Q937592
3TD4PM94,1,0,http://www.wikidata.org/wiki/Q1203263
3TD4PM94,1,1,http://www.wikidata.org/wiki/Q109080
3TD4PM94,3,0,http://www.wikidata.org/wiki/Q20530617
YOJXHBHK,2,5,http://www.wikidata.org/wiki/Q23596
YOJXHBHK,2,1,http://www.wikidata.org/wiki/Q13357
YOJXHBHK,1,6,http://www.wikidata.org/wiki/Q13357
YOJXHBHK,2,6,http://www.wikidata.org/wiki/Q16144156
YOJXHBHK,1,7,http://www.wikidata.org/wiki/Q127
YOJXHBHK,1,2,http://www.wikidata.org/wiki/Q38582
YOJXHBHK,2,4,http://www.wikidata.org/wiki/Q23596
YOJXHBHK,2,3,http://www.wikidata.org/wiki/Q65572334
YOJXHBHK,1,0,http://www.wikidata.org/wiki/Q2225512
YOJXHBHK,1,1,http://www.wikidata.org/wiki/Q1344777
YOJXHBHK,1,5,http://www.wikidata.org/wiki/Q12798
YOJXHBHK,2,0,http://www.wikidata.org/wiki/Q2198672
YOJXHBHK,2,2,http://www.wikidata.org/wiki/Q196828
YOJXHBHK,1,3,http://www.wikidata.org/wiki/Q16144156
YOJXHBHK,1,4,http://www.wikidata.org/wiki/Q196828
XAKZAMHS,1,0,http://www.wikidata.org/wiki/Q1003652
XAKZAMHS,2,2,http://www.wikidata.org/wiki/Q1003628
XAKZAMHS,1,2,http://www.wikidata.org/wiki/Q1003650
XAKZAMHS,2,0,http://www.wikidata.org/wiki/Q1003635
R15RKIHP,2,0,http://www.wikidata.org/wiki/Q774464
R15RKIHP,3,1,http://www.wikidata.org/wiki/Q101626200
R15RKIHP,6,0,http://www.wikidata.org/wiki/Q7977388
R15RKIHP,1,1,http://www.wikidata.org/wiki/Q14545628
R15RKIHP,6,1,http://www.wikidata.org/wiki/Q106866842
R15RKIHP,5,0,http://www.wikidata.org/wiki/Q5846191
R15RKIHP,3,0,http://www.wikidata.org/wiki/Q7956107
R15RKIHP,2,1,http://www.wikidata.org/wiki/Q14545628
R15RKIHP,1,0,http://www.wikidata.org/wiki/Q1013353
R15RKIHP,5,1,http://www.wikidata.org/wiki/Q108061001
R15RKIHP,4,0,http://www.wikidata.org/wiki/Q7977388
R15RKIHP,4,1,http://www.wikidata.org/wiki/Q106866842
86GABVZ4,1,0,http://www.wikidata.org/wiki/Q66089902
86GABVZ4,2,1,http://www.wikidata.org/wiki/Q11072216
86GABVZ4,1,2,http://www.wikidata.org/wiki/Q43113623
86GABVZ4,2,2,http://www.wikidata.org/wiki/Q43113623
86GABVZ4,1,1,http://www.wikidata.org/wiki/Q11072216
86GABVZ4,2,0,http://www.wikidata.org/wiki/Q66089900
ECZYH1B4,3,0,http://www.wikidata.org/wiki/Q2275664
ECZYH1B4,4,0,http://www.wikidata.org/wiki/Q2294224
ECZYH1B4,5,0,http://www.wikidata.org/wiki/Q2275664
ECZYH1B4,2,0,http://www.wikidata.org/wiki/Q2392121
ECZYH1B4,1,2,http://www.wikidata.org/wiki/Q726
ECZYH1B4,1,0,http://www.wikidata.org/wiki/Q4003728
ECZYH1B4,3,2,http://www.wikidata.org/wiki/Q182154
ECZYH1B4,4,1,http://www.wikidata.org/wiki/Q115541
ECZYH1B4,2,1,http://www.wikidata.org/wiki/Q240658
ECZYH1B4,3,1,http://www.wikidata.org/wiki/Q115541
ECZYH1B4,4,2,http://www.wikidata.org/wiki/Q182154
ECZYH1B4,1,1,http://www.wikidata.org/wiki/Q326939
ECZYH1B4,2,2,http://www.wikidata.org/wiki/Q182154
DNJDJ0YY,9,0,http://www.wikidata.org/wiki/Q1753811
DNJDJ0YY,7,0,http://www.wikidata.org/wiki/Q1641970
DNJDJ0YY,11,0,http://www.wikidata.org/wiki/Q7019101
DNJDJ0YY,10,0,http://www.wikidata.org/wiki/Q104873129
DNJDJ0YY,4,0,http://www.wikidata.org/wiki/Q22290760
DNJDJ0YY,8,0,http://www.wikidata.org/wiki/Q15132959
DNJDJ0YY,3,0,http://www.wikidata.org/wiki/Q2049515
DNJDJ0YY,12,0,http://www.wikidata.org/wiki/Q7417043
DNJDJ0YY,13,0,http://www.wikidata.org/wiki/Q20056445
DNJDJ0YY,2,0,http://www.wikidata.org/wiki/Q285964
DNJDJ0YY,1,0,http://www.wikidata.org/wiki/Q512036
DNJDJ0YY,5,0,http://www.wikidata.org/wiki/Q5001069
DNJDJ0YY,6,0,http://www.wikidata.org/wiki/Q551032
ATRP32AY,2,2,http://www.wikidata.org/wiki/Q142
ATRP32AY,1,1,http://www.wikidata.org/wiki/Q69387
ATRP32AY,1,2,http://www.wikidata.org/wiki/Q142
ATRP32AY,2,0,http://www.wikidata.org/wiki/Q171864
ATRP32AY,2,3,http://www.wikidata.org/wiki/Q171424
ATRP32AY,2,1,http://www.wikidata.org/wiki/Q69375
ATRP32AY,1,3,http://www.wikidata.org/wiki/Q171424
ATRP32AY,1,0,http://www.wikidata.org/wiki/Q171904
O34UUFJA,1,0,http://www.wikidata.org/wiki/Q1183156
O34UUFJA,2,2,http://www.wikidata.org/wiki/Q10387684
O34UUFJA,3,1,http://www.wikidata.org/wiki/Q176483
O34UUFJA,4,1,http://www.wikidata.org/wiki/Q176483
O34UUFJA,4,2,http://www.wikidata.org/wiki/Q10387684
O34UUFJA,1,2,http://www.wikidata.org/wiki/Q2065736
O34UUFJA,4,0,http://www.wikidata.org/wiki/Q377882
O34UUFJA,5,0,http://www.wikidata.org/wiki/Q377882
O34UUFJA,3,0,http://www.wikidata.org/wiki/Q377882
O34UUFJA,2,0,http://www.wikidata.org/wiki/Q377882
O34UUFJA,3,2,http://www.wikidata.org/wiki/Q10387684
O34UUFJA,2,1,http://www.wikidata.org/wiki/Q176483
O34UUFJA,1,1,http://www.wikidata.org/wiki/Q186363
AP0SWW5I,4,0,http://www.wikidata.org/wiki/Q1425645
AP0SWW5I,3,0,http://www.wikidata.org/wiki/Q1753254
AP0SWW5I,1,0,http://www.wikidata.org/wiki/Q1753254
AP0SWW5I,2,1,http://www.wikidata.org/wiki/Q3488204
AP0SWW5I,2,0,http://www.wikidata.org/wiki/Q1425645
AP0SWW5I,4,1,http://www.wikidata.org/wiki/Q3488204
AP0SWW5I,2,2,http://www.wikidata.org/wiki/Q1999572
AP0SWW5I,1,1,http://www.wikidata.org/wiki/Q3537922
AP0SWW5I,3,1,http://www.wikidata.org/wiki/Q3537922
AP0SWW5I,3,2,http://www.wikidata.org/wiki/Q1999572
AP0SWW5I,1,2,http://www.wikidata.org/wiki/Q1999572
VTRN1JGS,2,4,http://www.wikidata.org/wiki/Q1209467
VTRN1JGS,1,2,http://www.wikidata.org/wiki/Q155907
VTRN1JGS,2,1,http://www.wikidata.org/wiki/Q1390239
VTRN1JGS,1,1,http://www.wikidata.org/wiki/Q1390239
VTRN1JGS,2,3,http://www.wikidata.org/wiki/Q122366
VTRN1JGS,1,4,http://www.wikidata.org/wiki/Q1209467
VTRN1JGS,2,2,http://www.wikidata.org/wiki/Q155907
VTRN1JGS,1,3,http://www.wikidata.org/wiki/Q167
36JL1BXS,2,1,http://www.wikidata.org/wiki/Q917
36JL1BXS,2,0,http://www.wikidata.org/wiki/Q69953153
4VLRTY20,1,2,http://www.wikidata.org/wiki/Q2949955
4VLRTY20,1,0,http://www.wikidata.org/wiki/Q2557191
4VLRTY20,4,0,http://www.wikidata.org/wiki/Q59967210
4VLRTY20,2,2,http://www.wikidata.org/wiki/Q2949954
4VLRTY20,2,0,http://www.wikidata.org/wiki/Q2217687
4VLRTY20,3,2,http://www.wikidata.org/wiki/Q2949953
4VLRTY20,3,0,http://www.wikidata.org/wiki/Q60031861
4VLRTY20,4,2,http://www.wikidata.org/wiki/Q2949952
J0QQILBE,2,0,http://www.wikidata.org/wiki/Q888749
J0QQILBE,4,2,http://www.wikidata.org/wiki/Q1514741
J0QQILBE,3,2,http://www.wikidata.org/wiki/Q1000139
J0QQILBE,2,1,http://www.wikidata.org/wiki/Q11064783
J0QQILBE,2,2,http://www.wikidata.org/wiki/Q101866
J0QQILBE,1,1,http://www.wikidata.org/wiki/Q110
J0QQILBE,4,0,http://www.wikidata.org/wiki/Q3556652
J0QQILBE,3,1,http://www.wikidata.org/wiki/Q1000139
J0QQILBE,1,2,http://www.wikidata.org/wiki/Q11064783
J0QQILBE,1,0,http://www.wikidata.org/wiki/Q996094
J0QQILBE,4,1,http://www.wikidata.org/wiki/Q1514741
J0QQILBE,3,0,http://www.wikidata.org/wiki/Q8022775
YUS6N7C4,5,0,http://www.wikidata.org/wiki/Q1608140
YUS6N7C4,6,0,http://www.wikidata.org/wiki/Q17267389
YUS6N7C4,1,1,http://www.wikidata.org/wiki/Q17297633
YUS6N7C4,4,1,http://www.wikidata.org/wiki/Q17297633
YUS6N7C4,2,0,http://www.wikidata.org/wiki/Q41308017
YUS6N7C4,5,1,http://www.wikidata.org/wiki/Q17297633
YUS6N7C4,3,0,http://www.wikidata.org/wiki/Q15890974
YUS6N7C4,4,0,http://www.wikidata.org/wiki/Q17267389
YUS6N7C4,1,0,http://www.wikidata.org/wiki/Q17300300
YUS6N7C4,2,1,http://www.wikidata.org/wiki/Q17297633
YUS6N7C4,3,1,http://www.wikidata.org/wiki/Q98100466
WRBKWP6J,10,0,http://www.wikidata.org/wiki/Q7826754
WRBKWP6J,2,0,http://www.wikidata.org/wiki/Q907311
WRBKWP6J,4,0,http://www.wikidata.org/wiki/Q1906210
WRBKWP6J,6,0,http://www.wikidata.org/wiki/Q10248851
WRBKWP6J,13,0,http://www.wikidata.org/wiki/Q461
WRBKWP6J,3,0,http://www.wikidata.org/wiki/Q17062718
WRBKWP6J,11,0,http://www.wikidata.org/wiki/Q111324622
WRBKWP6J,12,0,http://www.wikidata.org/wiki/Q102401711
WRBKWP6J,5,0,http://www.wikidata.org/wiki/Q17361809
WRBKWP6J,9,0,http://www.wikidata.org/wiki/Q7428222
WRBKWP6J,1,0,http://www.wikidata.org/wiki/Q648266
WRBKWP6J,8,0,http://www.wikidata.org/wiki/Q600030
WRBKWP6J,7,0,http://www.wikidata.org/wiki/Q1009935
TAD5AWQF,2,1,http://www.wikidata.org/wiki/Q188814
TAD5AWQF,1,0,http://www.wikidata.org/wiki/Q4501095
TAD5AWQF,2,0,http://www.wikidata.org/wiki/Q1290986
TAD5AWQF,1,3,http://www.wikidata.org/wiki/Q8346700
TAD5AWQF,2,2,http://www.wikidata.org/wiki/Q288065
TAD5AWQF,1,2,http://www.wikidata.org/wiki/Q649
TAD5AWQF,1,1,http://www.wikidata.org/wiki/Q383258
TAD5AWQF,2,3,http://www.wikidata.org/wiki/Q3323436
PV5N9WQ2,11,0,http://www.wikidata.org/wiki/Q915954
PV5N9WQ2,5,0,http://www.wikidata.org/wiki/Q915954
PV5N9WQ2,4,0,http://www.wikidata.org/wiki/Q774015
PV5N9WQ2,3,0,http://www.wikidata.org/wiki/Q774015
PV5N9WQ2,1,0,http://www.wikidata.org/wiki/Q915954
PV5N9WQ2,15,0,http://www.wikidata.org/wiki/Q915954
PV5N9WQ2,14,0,http://www.wikidata.org/wiki/Q774015
PV5N9WQ2,12,0,http://www.wikidata.org/wiki/Q774015
PV5N9WQ2,13,0,http://www.wikidata.org/wiki/Q915954
PV5N9WQ2,2,0,http://www.wikidata.org/wiki/Q774015
PV5N9WQ2,7,0,http://www.wikidata.org/wiki/Q915954
PV5N9WQ2,8,0,http://www.wikidata.org/wiki/Q774015
PV5N9WQ2,9,0,http://www.wikidata.org/wiki/Q915954
PV5N9WQ2,6,0,http://www.wikidata.org/wiki/Q915954
PV5N9WQ2,10,0,http://www.wikidata.org/wiki/Q774015
CQIG14U5,1,3,http://www.wikidata.org/wiki/Q91054298
CQIG14U5,1,4,http://www.wikidata.org/wiki/Q69873337
CQIG14U5,1,2,http://www.wikidata.org/wiki/Q3233780
CQIG14U5,2,3,http://www.wikidata.org/wiki/Q17144694
CQIG14U5,2,4,http://www.wikidata.org/wiki/Q54862879
CQIG14U5,2,0,http://www.wikidata.org/wiki/Q66477279
CQIG14U5,2,2,http://www.wikidata.org/wiki/Q16060693
CQIG14U5,2,1,http://www.wikidata.org/wiki/Q60346
CQIG14U5,1,0,http://www.wikidata.org/wiki/Q66478420
CQIG14U5,1,1,http://www.wikidata.org/wiki/Q60346
VOQDO163,2,0,http://www.wikidata.org/wiki/Q110187
VOQDO163,3,0,http://www.wikidata.org/wiki/Q110325
VOQDO163,4,0,http://www.wikidata.org/wiki/Q110187
VOQDO163,1,0,http://www.wikidata.org/wiki/Q490695
VOQDO163,5,0,http://www.wikidata.org/wiki/Q4958576
VOQDO163,6,0,http://www.wikidata.org/wiki/Q1
7VQRKWF6,1,1,http://www.wikidata.org/wiki/Q40406
7VQRKWF6,2,0,http://www.wikidata.org/wiki/Q837848
7VQRKWF6,1,0,http://www.wikidata.org/wiki/Q1516907
7VQRKWF6,1,3,http://www.wikidata.org/wiki/Q3824410
7VQRKWF6,2,1,http://www.wikidata.org/wiki/Q49346089
7VQRKWF6,2,2,http://www.wikidata.org/wiki/Q1149082
7VQRKWF6,2,3,http://www.wikidata.org/wiki/Q3353
7VQRKWF6,1,2,http://www.wikidata.org/wiki/Q231783
E3V1L7QG,1,0,http://www.wikidata.org/wiki/Q18845297
E3V1L7QG,3,0,http://www.wikidata.org/wiki/Q2619800
E3V1L7QG,12,0,http://www.wikidata.org/wiki/Q2619800
E3V1L7QG,8,0,http://www.wikidata.org/wiki/Q56650560
E3V1L7QG,11,0,http://www.wikidata.org/wiki/Q22487618
E3V1L7QG,4,0,http://www.wikidata.org/wiki/Q2048477
E3V1L7QG,7,0,http://www.wikidata.org/wiki/Q23681144
E3V1L7QG,9,0,http://www.wikidata.org/wiki/Q1743521
E3V1L7QG,10,0,http://www.wikidata.org/wiki/Q302
E3V1L7QG,13,0,http://www.wikidata.org/wiki/Q123402148
E3V1L7QG,2,0,http://www.wikidata.org/wiki/Q18845296
E3V1L7QG,6,0,http://www.wikidata.org/wiki/Q20199426
E3V1L7QG,5,0,http://www.wikidata.org/wiki/Q1190172
W133CO9K,2,0,http://www.wikidata.org/wiki/Q21814474
W133CO9K,3,0,http://www.wikidata.org/wiki/Q1213795
W133CO9K,1,0,http://www.wikidata.org/wiki/Q21814482
0DYRKX3V,1,0,http://www.wikidata.org/wiki/Q47896
0DYRKX3V,3,1,http://www.wikidata.org/wiki/Q10375927
0DYRKX3V,2,0,http://www.wikidata.org/wiki/Q44843
0DYRKX3V,4,1,http://www.wikidata.org/wiki/Q10367791
0DYRKX3V,3,0,http://www.wikidata.org/wiki/Q47896
0DYRKX3V,3,2,http://www.wikidata.org/wiki/Q11453854
0DYRKX3V,2,1,http://www.wikidata.org/wiki/Q10367791
0DYRKX3V,1,2,http://www.wikidata.org/wiki/Q11453854
0DYRKX3V,2,2,http://www.wikidata.org/wiki/Q11535358
0DYRKX3V,1,1,http://www.wikidata.org/wiki/Q10375927
0DYRKX3V,4,0,http://www.wikidata.org/wiki/Q44843
DRFJK5ZX,5,0,http://www.wikidata.org/wiki/Q18844899
DRFJK5ZX,3,0,http://www.wikidata.org/wiki/Q18844898
DRFJK5ZX,11,0,http://www.wikidata.org/wiki/Q18844899
DRFJK5ZX,4,0,http://www.wikidata.org/wiki/Q18844900
DRFJK5ZX,6,0,http://www.wikidata.org/wiki/Q18844898
DRFJK5ZX,2,0,http://www.wikidata.org/wiki/Q18844899
DRFJK5ZX,12,0,http://www.wikidata.org/wiki/Q18844898
DRFJK5ZX,1,0,http://www.wikidata.org/wiki/Q18844900
DRFJK5ZX,7,0,http://www.wikidata.org/wiki/Q18844900
DRFJK5ZX,10,0,http://www.wikidata.org/wiki/Q18844900
DRFJK5ZX,8,0,http://www.wikidata.org/wiki/Q18844899
DRFJK5ZX,9,0,http://www.wikidata.org/wiki/Q18844898
N3Z9O5BA,2,0,http://www.wikidata.org/wiki/Q34356
N3Z9O5BA,6,0,http://www.wikidata.org/wiki/Q19304292
N3Z9O5BA,8,0,http://www.wikidata.org/wiki/Q19304292
N3Z9O5BA,4,0,http://www.wikidata.org/wiki/Q19304292
N3Z9O5BA,1,0,http://www.wikidata.org/wiki/Q1036216
N3Z9O5BA,5,0,http://www.wikidata.org/wiki/Q19304295
N3Z9O5BA,9,0,http://www.wikidata.org/wiki/Q19304295
N3Z9O5BA,11,0,http://www.wikidata.org/wiki/Q19304295
N3Z9O5BA,12,0,http://www.wikidata.org/wiki/Q19304292
N3Z9O5BA,7,0,http://www.wikidata.org/wiki/Q19304295
N3Z9O5BA,10,0,http://www.wikidata.org/wiki/Q19304292
N3Z9O5BA,3,0,http://www.wikidata.org/wiki/Q19304295
Y7QGWJU8,2,1,http://www.wikidata.org/wiki/Q208151
Y7QGWJU8,1,1,http://www.wikidata.org/wiki/Q46135
Y7QGWJU8,1,0,http://www.wikidata.org/wiki/Q2275355
Y7QGWJU8,2,0,http://www.wikidata.org/wiki/Q2977338
RIIJJF2C,6,0,http://www.wikidata.org/wiki/Q65687728
RIIJJF2C,7,0,http://www.wikidata.org/wiki/Q65687491
RIIJJF2C,9,0,http://www.wikidata.org/wiki/Q110710312
RIIJJF2C,10,0,http://www.wikidata.org/wiki/Q12372120
RIIJJF2C,1,0,http://www.wikidata.org/wiki/Q63105770
RIIJJF2C,5,0,http://www.wikidata.org/wiki/Q47036617
RIIJJF2C,4,0,http://www.wikidata.org/wiki/Q696710
RIIJJF2C,3,0,http://www.wikidata.org/wiki/Q29565112
RIIJJF2C,8,0,http://www.wikidata.org/wiki/Q61903590
RIIJJF2C,2,0,http://www.wikidata.org/wiki/Q49275187
WKF7IXJ9,1,1,http://www.wikidata.org/wiki/Q58925167
WKF7IXJ9,3,2,http://www.wikidata.org/wiki/Q58925169
WKF7IXJ9,2,3,http://www.wikidata.org/wiki/Q58925169
WKF7IXJ9,1,2,http://www.wikidata.org/wiki/Q58925169
WKF7IXJ9,2,1,http://www.wikidata.org/wiki/Q5
WKF7IXJ9,3,3,http://www.wikidata.org/wiki/Q58925170
WKF7IXJ9,1,3,http://www.wikidata.org/wiki/Q58925170
WKF7IXJ9,2,2,http://www.wikidata.org/wiki/Q58925167
0HDAA9LO,1,0,http://www.wikidata.org/wiki/Q18845497
0HDAA9LO,2,3,http://www.wikidata.org/wiki/Q124712963
0HDAA9LO,2,1,http://www.wikidata.org/wiki/Q18845495
0HDAA9LO,2,0,http://www.wikidata.org/wiki/Q18845495
0HDAA9LO,3,0,http://www.wikidata.org/wiki/Q197248
0HDAA9LO,1,2,http://www.wikidata.org/wiki/Q124712963
0HDAA9LO,3,3,http://www.wikidata.org/wiki/Q17013292
0HDAA9LO,2,2,http://www.wikidata.org/wiki/Q124712963
0HDAA9LO,1,1,http://www.wikidata.org/wiki/Q18845497
0HDAA9LO,3,2,http://www.wikidata.org/wiki/Q104640158
0HDAA9LO,1,3,http://www.wikidata.org/wiki/Q124712963
09Z5ITZZ,3,0,http://www.wikidata.org/wiki/Q61778265
09Z5ITZZ,1,0,http://www.wikidata.org/wiki/Q1141720
09Z5ITZZ,12,0,http://www.wikidata.org/wiki/Q172398
09Z5ITZZ,2,0,http://www.wikidata.org/wiki/Q1009440
09Z5ITZZ,9,0,http://www.wikidata.org/wiki/Q5541327
09Z5ITZZ,5,0,http://www.wikidata.org/wiki/Q55447295
09Z5ITZZ,10,0,http://www.wikidata.org/wiki/Q2099023
09Z5ITZZ,7,0,http://www.wikidata.org/wiki/Q6357457
09Z5ITZZ,8,0,http://www.wikidata.org/wiki/Q817605
09Z5ITZZ,4,0,http://www.wikidata.org/wiki/Q63522470
09Z5ITZZ,11,0,http://www.wikidata.org/wiki/Q19255537
09Z5ITZZ,6,0,http://www.wikidata.org/wiki/Q574990
W3HQJ82T,2,2,http://www.wikidata.org/wiki/Q16152
W3HQJ82T,1,2,http://www.wikidata.org/wiki/Q29718431
W3HQJ82T,2,1,http://www.wikidata.org/wiki/Q85873549
W3HQJ82T,3,2,http://www.wikidata.org/wiki/Q42902631
W3HQJ82T,1,0,http://www.wikidata.org/wiki/Q3775257
W3HQJ82T,2,0,http://www.wikidata.org/wiki/Q3114100
W3HQJ82T,3,1,http://www.wikidata.org/wiki/Q85873549
W3HQJ82T,3,0,http://www.wikidata.org/wiki/Q3775255
W3HQJ82T,1,1,http://www.wikidata.org/wiki/Q85873549
6NCYQ3W3,5,0,http://www.wikidata.org/wiki/Q172827
6NCYQ3W3,2,0,http://www.wikidata.org/wiki/Q445159
6NCYQ3W3,7,0,http://www.wikidata.org/wiki/Q579992
6NCYQ3W3,8,0,http://www.wikidata.org/wiki/Q32769
6NCYQ3W3,11,0,http://www.wikidata.org/wiki/Q1454942
6NCYQ3W3,3,0,http://www.wikidata.org/wiki/Q8585920
6NCYQ3W3,13,0,http://www.wikidata.org/wiki/Q172827
6NCYQ3W3,14,0,http://www.wikidata.org/wiki/Q1454942
6NCYQ3W3,9,0,http://www.wikidata.org/wiki/Q1321294
6NCYQ3W3,6,0,http://www.wikidata.org/wiki/Q1454942
6NCYQ3W3,10,0,http://www.wikidata.org/wiki/Q172827
6NCYQ3W3,12,0,http://www.wikidata.org/wiki/Q579992
6NCYQ3W3,4,0,http://www.wikidata.org/wiki/Q852313
6NCYQ3W3,1,0,http://www.wikidata.org/wiki/Q458720
ETGWPD7G,2,2,http://www.wikidata.org/wiki/Q2466685
ETGWPD7G,1,2,http://www.wikidata.org/wiki/Q2545661
ETGWPD7G,1,3,http://www.wikidata.org/wiki/Q490619
ETGWPD7G,2,3,http://www.wikidata.org/wiki/Q454639
D62P73S0,1,2,http://www.wikidata.org/wiki/Q23436
D62P73S0,1,0,http://www.wikidata.org/wiki/Q2379199
D62P73S0,6,0,http://www.wikidata.org/wiki/Q209142
D62P73S0,2,0,http://www.wikidata.org/wiki/Q209142
D62P73S0,8,2,http://www.wikidata.org/wiki/Q2
D62P73S0,7,2,http://www.wikidata.org/wiki/Q4131
D62P73S0,4,2,http://www.wikidata.org/wiki/Q4131
D62P73S0,5,0,http://www.wikidata.org/wiki/Q209142
D62P73S0,7,0,http://www.wikidata.org/wiki/Q209142
D62P73S0,2,2,http://www.wikidata.org/wiki/Q4131
D62P73S0,8,0,http://www.wikidata.org/wiki/Q2379199
D62P73S0,5,2,http://www.wikidata.org/wiki/Q4131
D62P73S0,3,2,http://www.wikidata.org/wiki/Q4131
D62P73S0,3,0,http://www.wikidata.org/wiki/Q209142
D62P73S0,6,2,http://www.wikidata.org/wiki/Q4131
D62P73S0,4,0,http://www.wikidata.org/wiki/Q209142
KRKRHZW7,2,0,http://www.wikidata.org/wiki/Q6866455
KRKRHZW7,7,0,http://www.wikidata.org/wiki/Q55641593
KRKRHZW7,6,1,http://www.wikidata.org/wiki/Q30805
KRKRHZW7,1,1,http://www.wikidata.org/wiki/Q30805
KRKRHZW7,4,0,http://www.wikidata.org/wiki/Q55641593
KRKRHZW7,5,1,http://www.wikidata.org/wiki/Q30805
KRKRHZW7,3,0,http://www.wikidata.org/wiki/Q116368770
KRKRHZW7,4,1,http://www.wikidata.org/wiki/Q30805
KRKRHZW7,6,0,http://www.wikidata.org/wiki/Q116368770
KRKRHZW7,7,1,http://www.wikidata.org/wiki/Q30805
KRKRHZW7,3,1,http://www.wikidata.org/wiki/Q30805
KRKRHZW7,1,0,http://www.wikidata.org/wiki/Q12244698
KRKRHZW7,2,1,http://www.wikidata.org/wiki/Q30805
KRKRHZW7,5,0,http://www.wikidata.org/wiki/Q116368770
63YYBEJL,9,0,http://www.wikidata.org/wiki/Q65232311
63YYBEJL,1,0,http://www.wikidata.org/wiki/Q85056917
63YYBEJL,10,0,http://www.wikidata.org/wiki/Q604397
63YYBEJL,5,0,http://www.wikidata.org/wiki/Q23719733
63YYBEJL,11,0,http://www.wikidata.org/wiki/Q41
63YYBEJL,6,0,http://www.wikidata.org/wiki/Q26974
63YYBEJL,4,0,http://www.wikidata.org/wiki/Q21627207
63YYBEJL,7,0,http://www.wikidata.org/wiki/Q606285
63YYBEJL,8,0,http://www.wikidata.org/wiki/Q65232196
63YYBEJL,3,0,http://www.wikidata.org/wiki/Q21626271
63YYBEJL,2,0,http://www.wikidata.org/wiki/Q85056912
8JE962PA,4,4,http://www.wikidata.org/wiki/Q146439
8JE962PA,1,0,http://www.wikidata.org/wiki/Q670
8JE962PA,5,0,http://www.wikidata.org/wiki/Q486332
8JE962PA,6,0,http://www.wikidata.org/wiki/Q449658
8JE962PA,1,4,http://www.wikidata.org/wiki/Q11656
8JE962PA,8,0,http://www.wikidata.org/wiki/Q6024606
8JE962PA,4,0,http://www.wikidata.org/wiki/Q4042165
8JE962PA,2,0,http://www.wikidata.org/wiki/Q663
8JE962PA,3,4,http://www.wikidata.org/wiki/Q196828
8JE962PA,5,4,http://www.wikidata.org/wiki/Q11081
8JE962PA,3,0,http://www.wikidata.org/wiki/Q41241
8JE962PA,2,4,http://www.wikidata.org/wiki/Q133350
8JE962PA,7,0,http://www.wikidata.org/wiki/Q584584
2C6UUN8A,4,1,http://www.wikidata.org/wiki/Q18869
2C6UUN8A,1,1,http://www.wikidata.org/wiki/Q1434732
2C6UUN8A,1,0,http://www.wikidata.org/wiki/Q3003985
2C6UUN8A,2,1,http://www.wikidata.org/wiki/Q18869
2C6UUN8A,5,1,http://www.wikidata.org/wiki/Q18869
2C6UUN8A,5,0,http://www.wikidata.org/wiki/Q64798261
2C6UUN8A,3,0,http://www.wikidata.org/wiki/Q64798261
2C6UUN8A,3,1,http://www.wikidata.org/wiki/Q18869
2C6UUN8A,2,0,http://www.wikidata.org/wiki/Q64798261
2C6UUN8A,1,2,http://www.wikidata.org/wiki/Q31
2C6UUN8A,2,2,http://www.wikidata.org/wiki/Q159
2C6UUN8A,3,2,http://www.wikidata.org/wiki/Q159
2C6UUN8A,5,2,http://www.wikidata.org/wiki/Q1
2C6UUN8A,4,2,http://www.wikidata.org/wiki/Q159
2C6UUN8A,4,0,http://www.wikidata.org/wiki/Q64798261
TL1K7RTD,2,1,http://www.wikidata.org/wiki/Q22721
TL1K7RTD,1,1,http://www.wikidata.org/wiki/Q149621
TL1K7RTD,2,2,http://www.wikidata.org/wiki/Q18881573
TL1K7RTD,1,2,http://www.wikidata.org/wiki/Q18881574
TL1K7RTD,1,0,http://www.wikidata.org/wiki/Q338194
TL1K7RTD,2,0,http://www.wikidata.org/wiki/Q311661
8R0WR800,3,3,http://www.wikidata.org/wiki/Q275482
8R0WR800,3,0,http://www.wikidata.org/wiki/Q62117817
8R0WR800,1,1,http://www.wikidata.org/wiki/Q7568975
8R0WR800,3,1,http://www.wikidata.org/wiki/Q2592234
8R0WR800,1,0,http://www.wikidata.org/wiki/Q62117826
8R0WR800,2,3,http://www.wikidata.org/wiki/Q4969467
8R0WR800,3,2,http://www.wikidata.org/wiki/Q62117815
8R0WR800,2,2,http://www.wikidata.org/wiki/Q62067528
8R0WR800,2,1,http://www.wikidata.org/wiki/Q105796735
8R0WR800,1,2,http://www.wikidata.org/wiki/Q7691138
8R0WR800,2,0,http://www.wikidata.org/wiki/Q62117815
8R0WR800,1,3,http://www.wikidata.org/wiki/Q275482
GUW364P0,3,0,http://www.wikidata.org/wiki/Q58194098
GUW364P0,5,0,http://www.wikidata.org/wiki/Q21125054
GUW364P0,10,0,http://www.wikidata.org/wiki/Q21100474
GUW364P0,7,0,http://www.wikidata.org/wiki/Q21100474
GUW364P0,9,0,http://www.wikidata.org/wiki/Q21125054
GUW364P0,8,0,http://www.wikidata.org/wiki/Q21109718
GUW364P0,2,0,http://www.wikidata.org/wiki/Q58194317
GUW364P0,6,0,http://www.wikidata.org/wiki/Q21109718
GUW364P0,1,0,http://www.wikidata.org/wiki/Q58194895
GUW364P0,4,0,http://www.wikidata.org/wiki/Q58175347
JQDF4PUM,2,0,http://www.wikidata.org/wiki/Q10499430
JQDF4PUM,2,2,http://www.wikidata.org/wiki/Q103659
JQDF4PUM,1,2,http://www.wikidata.org/wiki/Q103691
JQDF4PUM,1,1,http://www.wikidata.org/wiki/Q48204
JQDF4PUM,2,1,http://www.wikidata.org/wiki/Q48204
JQDF4PUM,1,0,http://www.wikidata.org/wiki/Q10493548
K3YNUI4G,10,0,http://www.wikidata.org/wiki/Q11888451
K3YNUI4G,5,0,http://www.wikidata.org/wiki/Q11887931
K3YNUI4G,8,0,http://www.wikidata.org/wiki/Q11887931
K3YNUI4G,3,0,http://www.wikidata.org/wiki/Q18690760
K3YNUI4G,2,0,http://www.wikidata.org/wiki/Q11887931
K3YNUI4G,7,0,http://www.wikidata.org/wiki/Q11888451
K3YNUI4G,9,0,http://www.wikidata.org/wiki/Q18690760
K3YNUI4G,11,0,http://www.wikidata.org/wiki/Q11887931
K3YNUI4G,6,0,http://www.wikidata.org/wiki/Q18690760
K3YNUI4G,12,0,http://www.wikidata.org/wiki/Q186907
K3YNUI4G,4,0,http://www.wikidata.org/wiki/Q11888451
K3YNUI4G,1,0,http://www.wikidata.org/wiki/Q11888451
XUZPEV3Q,0,1,http://www.wikidata.org/wiki/Q1902768
XUZPEV3Q,1,2,http://www.wikidata.org/wiki/Q20664530
XUZPEV3Q,2,2,http://www.wikidata.org/wiki/Q208505
XUZPEV3Q,0,2,http://www.wikidata.org/wiki/Q20664530
XUZPEV3Q,1,1,http://www.wikidata.org/wiki/Q19819759
XUZPEV3Q,2,1,http://www.wikidata.org/wiki/Q4927128
JWGLPTPB,1,0,http://www.wikidata.org/wiki/Q486071
JWGLPTPB,2,0,http://www.wikidata.org/wiki/Q486067
TFJEPREG,2,2,http://www.wikidata.org/wiki/Q2748256
TFJEPREG,1,1,http://www.wikidata.org/wiki/Q2100
TFJEPREG,1,2,http://www.wikidata.org/wiki/Q2954740
TFJEPREG,2,0,http://www.wikidata.org/wiki/Q2954761
TFJEPREG,1,0,http://www.wikidata.org/wiki/Q2954738
TFJEPREG,2,1,http://www.wikidata.org/wiki/Q40840
BWLCR5QP,2,3,http://www.wikidata.org/wiki/Q30338149
BWLCR5QP,4,0,http://www.wikidata.org/wiki/Q26550536
BWLCR5QP,5,0,http://www.wikidata.org/wiki/Q26550537
BWLCR5QP,2,2,http://www.wikidata.org/wiki/Q131566
BWLCR5QP,3,2,http://www.wikidata.org/wiki/Q26547189
BWLCR5QP,1,2,http://www.wikidata.org/wiki/Q1586184
BWLCR5QP,4,2,http://www.wikidata.org/wiki/Q26285838
BWLCR5QP,1,0,http://www.wikidata.org/wiki/Q176691
BWLCR5QP,3,0,http://www.wikidata.org/wiki/Q26550536
BWLCR5QP,2,0,http://www.wikidata.org/wiki/Q131566
0W570SQO,2,1,http://www.wikidata.org/wiki/Q21604888
0W570SQO,2,2,http://www.wikidata.org/wiki/Q142
0W570SQO,1,1,http://www.wikidata.org/wiki/Q21604923
0W570SQO,1,2,http://www.wikidata.org/wiki/Q142
0W570SQO,2,0,http://www.wikidata.org/wiki/Q756886
0W570SQO,1,0,http://www.wikidata.org/wiki/Q846329
1C9VGS8U,1,0,http://www.wikidata.org/wiki/Q15874709
1C9VGS8U,2,0,http://www.wikidata.org/wiki/Q81921743
1C9VGS8U,1,2,http://www.wikidata.org/wiki/Q2675417
1C9VGS8U,1,3,http://www.wikidata.org/wiki/Q31
M15FLK65,2,0,http://www.wikidata.org/wiki/Q997421
M15FLK65,5,3,http://www.wikidata.org/wiki/Q5567936
M15FLK65,3,2,http://www.wikidata.org/wiki/Q216363
M15FLK65,4,3,http://www.wikidata.org/wiki/Q216363
M15FLK65,6,3,http://www.wikidata.org/wiki/Q5567937
M15FLK65,2,3,http://www.wikidata.org/wiki/Q5567937
M15FLK65,3,3,http://www.wikidata.org/wiki/Q200891
M15FLK65,1,2,http://www.wikidata.org/wiki/Q997421
M15FLK65,1,0,http://www.wikidata.org/wiki/Q760224
M15FLK65,4,0,http://www.wikidata.org/wiki/Q216363
M15FLK65,1,3,http://www.wikidata.org/wiki/Q595480
M15FLK65,3,0,http://www.wikidata.org/wiki/Q200891
M15FLK65,2,2,http://www.wikidata.org/wiki/Q760224
LDVOUD4V,2,0,http://www.wikidata.org/wiki/Q50402
LDVOUD4V,2,1,http://www.wikidata.org/wiki/Q12597430
LDVOUD4V,1,1,http://www.wikidata.org/wiki/Q16177594
LDVOUD4V,1,0,http://www.wikidata.org/wiki/Q50390
3YEC2FAR,2,1,http://www.wikidata.org/wiki/Q3451594
3YEC2FAR,1,2,http://www.wikidata.org/wiki/Q238723
3YEC2FAR,1,1,http://www.wikidata.org/wiki/Q1496833
3YEC2FAR,2,2,http://www.wikidata.org/wiki/Q230127
3YEC2FAR,2,0,http://www.wikidata.org/wiki/Q22921870
3YEC2FAR,1,0,http://www.wikidata.org/wiki/Q22924437
DUGQ4GMB,2,2,http://www.wikidata.org/wiki/Q2660217
DUGQ4GMB,5,0,http://www.wikidata.org/wiki/Q13512176
DUGQ4GMB,4,2,http://www.wikidata.org/wiki/Q2660217
DUGQ4GMB,1,2,http://www.wikidata.org/wiki/Q31
DUGQ4GMB,2,0,http://www.wikidata.org/wiki/Q27913105
DUGQ4GMB,5,2,http://www.wikidata.org/wiki/Q2660217
DUGQ4GMB,1,0,http://www.wikidata.org/wiki/Q1549701
DUGQ4GMB,3,2,http://www.wikidata.org/wiki/Q2660217
DUGQ4GMB,4,0,http://www.wikidata.org/wiki/Q27913105
DUGQ4GMB,3,0,http://www.wikidata.org/wiki/Q13512176
4LYBRNO2,6,2,http://www.wikidata.org/wiki/Q26963212
4LYBRNO2,4,2,http://www.wikidata.org/wiki/Q161872
4LYBRNO2,3,0,http://www.wikidata.org/wiki/Q67171690
4LYBRNO2,5,2,http://www.wikidata.org/wiki/Q1585546
4LYBRNO2,1,0,http://www.wikidata.org/wiki/Q66315876
4LYBRNO2,2,2,http://www.wikidata.org/wiki/Q664952
4LYBRNO2,2,0,http://www.wikidata.org/wiki/Q10300106
4LYBRNO2,1,2,http://www.wikidata.org/wiki/Q664952
4LYBRNO2,3,2,http://www.wikidata.org/wiki/Q664952
6CHB7KNG,2,0,http://www.wikidata.org/wiki/Q3552594
6CHB7KNG,2,2,http://www.wikidata.org/wiki/Q3813
6CHB7KNG,1,2,http://www.wikidata.org/wiki/Q37801
6CHB7KNG,1,0,http://www.wikidata.org/wiki/Q4083354
6SUBCSC3,4,0,http://www.wikidata.org/wiki/Q23831973
6SUBCSC3,2,0,http://www.wikidata.org/wiki/Q23831990
6SUBCSC3,3,2,http://www.wikidata.org/wiki/Q23826225
6SUBCSC3,2,2,http://www.wikidata.org/wiki/Q23826611
6SUBCSC3,3,0,http://www.wikidata.org/wiki/Q23831973
6SUBCSC3,1,0,http://www.wikidata.org/wiki/Q23831994
6SUBCSC3,1,2,http://www.wikidata.org/wiki/Q23826611
6SUBCSC3,4,1,http://www.wikidata.org/wiki/Q666063
6SUBCSC3,3,1,http://www.wikidata.org/wiki/Q666063
6SUBCSC3,2,1,http://www.wikidata.org/wiki/Q666063
6SUBCSC3,4,2,http://www.wikidata.org/wiki/Q23
6SUBCSC3,1,1,http://www.wikidata.org/wiki/Q666063
4XX2QGMF,2,0,http://www.wikidata.org/wiki/Q167199
4XX2QGMF,3,0,http://www.wikidata.org/wiki/Q167199
4XX2QGMF,1,0,http://www.wikidata.org/wiki/Q2495364
1KARO1J6,1,1,http://www.wikidata.org/wiki/Q18
1KARO1J6,2,1,http://www.wikidata.org/wiki/Q188447
1KARO1J6,2,0,http://www.wikidata.org/wiki/Q61755680
1KARO1J6,2,2,http://www.wikidata.org/wiki/Q188447
1KARO1J6,1,2,http://www.wikidata.org/wiki/Q188447
1KARO1J6,1,0,http://www.wikidata.org/wiki/Q61755681
ER6EF975,2,0,http://www.wikidata.org/wiki/Q72092381
ER6EF975,4,1,http://www.wikidata.org/wiki/Q32957853
ER6EF975,4,0,http://www.wikidata.org/wiki/Q106281457
ER6EF975,4,2,http://www.wikidata.org/wiki/Q184781
ER6EF975,3,0,http://www.wikidata.org/wiki/Q22945833
ER6EF975,1,2,http://www.wikidata.org/wiki/Q184781
ER6EF975,1,0,http://www.wikidata.org/wiki/Q72106665
ER6EF975,2,2,http://www.wikidata.org/wiki/Q184781
ER6EF975,3,2,http://www.wikidata.org/wiki/Q184781
ER6EF975,1,1,http://www.wikidata.org/wiki/Q332564
ER6EF975,2,1,http://www.wikidata.org/wiki/Q332564
ER6EF975,5,0,http://www.wikidata.org/wiki/Q2074189
ER6EF975,3,1,http://www.wikidata.org/wiki/Q32957482
J943VHWU,1,1,http://www.wikidata.org/wiki/Q1024175
J943VHWU,2,1,http://www.wikidata.org/wiki/Q332201
J943VHWU,2,2,http://www.wikidata.org/wiki/Q159810
J943VHWU,0,1,http://www.wikidata.org/wiki/Q104865378
AS0KOTAB,6,0,http://www.wikidata.org/wiki/Q236419
AS0KOTAB,1,0,http://www.wikidata.org/wiki/Q240495
AS0KOTAB,3,1,http://www.wikidata.org/wiki/Q236419
AS0KOTAB,4,1,http://www.wikidata.org/wiki/Q236419
AS0KOTAB,7,0,http://www.wikidata.org/wiki/Q236419
AS0KOTAB,3,0,http://www.wikidata.org/wiki/Q236419
AS0KOTAB,5,1,http://www.wikidata.org/wiki/Q236419
AS0KOTAB,6,1,http://www.wikidata.org/wiki/Q236419
AS0KOTAB,4,0,http://www.wikidata.org/wiki/Q236419
AS0KOTAB,5,0,http://www.wikidata.org/wiki/Q236419
AS0KOTAB,1,1,http://www.wikidata.org/wiki/Q236419
AS0KOTAB,7,1,http://www.wikidata.org/wiki/Q236419
AS0KOTAB,2,1,http://www.wikidata.org/wiki/Q236419
AS0KOTAB,2,0,http://www.wikidata.org/wiki/Q233588
K6CLZ9D6,5,0,http://www.wikidata.org/wiki/Q2785287
K6CLZ9D6,9,0,http://www.wikidata.org/wiki/Q18883196
K6CLZ9D6,6,0,http://www.wikidata.org/wiki/Q2785287
K6CLZ9D6,1,0,http://www.wikidata.org/wiki/Q2856395
K6CLZ9D6,8,0,http://www.wikidata.org/wiki/Q2785287
K6CLZ9D6,2,0,http://www.wikidata.org/wiki/Q2785287
K6CLZ9D6,3,0,http://www.wikidata.org/wiki/Q18883196
K6CLZ9D6,7,0,http://www.wikidata.org/wiki/Q18883196
K6CLZ9D6,11,0,http://www.wikidata.org/wiki/Q18883196
K6CLZ9D6,12,0,http://www.wikidata.org/wiki/Q27852
K6CLZ9D6,4,0,http://www.wikidata.org/wiki/Q2785287
K6CLZ9D6,10,0,http://www.wikidata.org/wiki/Q2785287
1ML3O2HW,2,0,http://www.wikidata.org/wiki/Q2639061
1ML3O2HW,7,0,http://www.wikidata.org/wiki/Q115319
1ML3O2HW,1,0,http://www.wikidata.org/wiki/Q2646578
1ML3O2HW,3,0,http://www.wikidata.org/wiki/Q1377841
1ML3O2HW,5,0,http://www.wikidata.org/wiki/Q4960402
1ML3O2HW,9,0,http://www.wikidata.org/wiki/Q113686426
1ML3O2HW,4,0,http://www.wikidata.org/wiki/Q15062996
1ML3O2HW,11,0,http://www.wikidata.org/wiki/Q25999221
1ML3O2HW,10,0,http://www.wikidata.org/wiki/Q9600740
1ML3O2HW,8,0,http://www.wikidata.org/wiki/Q16793878
1ML3O2HW,6,0,http://www.wikidata.org/wiki/Q112602966
DTWXFF5G,5,0,http://www.wikidata.org/wiki/Q1179112
DTWXFF5G,2,0,http://www.wikidata.org/wiki/Q1825483
DTWXFF5G,4,0,http://www.wikidata.org/wiki/Q647462
DTWXFF5G,1,0,http://www.wikidata.org/wiki/Q20658380
DTWXFF5G,6,0,http://www.wikidata.org/wiki/Q19509637
DTWXFF5G,3,0,http://www.wikidata.org/wiki/Q638
DUL1TGK0,1,0,http://www.wikidata.org/wiki/Q3775232
E1KCVXI2,1,1,http://www.wikidata.org/wiki/Q743
E1KCVXI2,2,1,http://www.wikidata.org/wiki/Q743
E1KCVXI2,2,0,http://www.wikidata.org/wiki/Q47457235
E1KCVXI2,1,0,http://www.wikidata.org/wiki/Q47457238
KJ6TN53Y,6,2,http://www.wikidata.org/wiki/Q191
KJ6TN53Y,6,0,http://www.wikidata.org/wiki/Q15092085
KJ6TN53Y,5,2,http://www.wikidata.org/wiki/Q191
KJ6TN53Y,1,2,http://www.wikidata.org/wiki/Q191
KJ6TN53Y,3,0,http://www.wikidata.org/wiki/Q43281154
KJ6TN53Y,4,0,http://www.wikidata.org/wiki/Q15092085
KJ6TN53Y,4,2,http://www.wikidata.org/wiki/Q191
KJ6TN53Y,3,2,http://www.wikidata.org/wiki/Q191
KJ6TN53Y,2,2,http://www.wikidata.org/wiki/Q191
KJ6TN53Y,7,0,http://www.wikidata.org/wiki/Q4328
KJ6TN53Y,5,0,http://www.wikidata.org/wiki/Q43281154
KJ6TN53Y,1,0,http://www.wikidata.org/wiki/Q44922710
KJ6TN53Y,2,0,http://www.wikidata.org/wiki/Q15092085
MMUFSDOE,2,3,http://www.wikidata.org/wiki/Q756538
MMUFSDOE,2,1,http://www.wikidata.org/wiki/Q5371609
MMUFSDOE,3,0,http://www.wikidata.org/wiki/Q511316
MMUFSDOE,1,2,http://www.wikidata.org/wiki/Q7160389
MMUFSDOE,1,1,http://www.wikidata.org/wiki/Q15731038
MMUFSDOE,3,2,http://www.wikidata.org/wiki/Q6161235
MMUFSDOE,3,3,http://www.wikidata.org/wiki/Q756538
MMUFSDOE,4,0,http://www.wikidata.org/wiki/Q5371609
MMUFSDOE,4,1,http://www.wikidata.org/wiki/Q245
MMUFSDOE,2,0,http://www.wikidata.org/wiki/Q2453601
MMUFSDOE,3,1,http://www.wikidata.org/wiki/Q2453601
MMUFSDOE,1,3,http://www.wikidata.org/wiki/Q15731038
MMUFSDOE,2,2,http://www.wikidata.org/wiki/Q6161235
MMUFSDOE,1,0,http://www.wikidata.org/wiki/Q5153500
4AN49FNZ,3,2,http://www.wikidata.org/wiki/Q26419139
4AN49FNZ,4,0,http://www.wikidata.org/wiki/Q22
4AN49FNZ,2,2,http://www.wikidata.org/wiki/Q595094
4AN49FNZ,1,2,http://www.wikidata.org/wiki/Q595094
4AN49FNZ,3,0,http://www.wikidata.org/wiki/Q11666959
4AN49FNZ,2,0,http://www.wikidata.org/wiki/Q858008
4AN49FNZ,1,0,http://www.wikidata.org/wiki/Q858016
156A1QVJ,3,1,http://www.wikidata.org/wiki/Q3845
156A1QVJ,4,1,http://www.wikidata.org/wiki/Q20858186
156A1QVJ,1,0,http://www.wikidata.org/wiki/Q3125978
156A1QVJ,1,1,http://www.wikidata.org/wiki/Q3125978
156A1QVJ,7,0,http://www.wikidata.org/wiki/Q2494
156A1QVJ,2,1,http://www.wikidata.org/wiki/Q5096
156A1QVJ,5,1,http://www.wikidata.org/wiki/Q2028470
156A1QVJ,3,0,http://www.wikidata.org/wiki/Q3845
156A1QVJ,2,0,http://www.wikidata.org/wiki/Q5096
156A1QVJ,5,0,http://www.wikidata.org/wiki/Q2028470
156A1QVJ,8,0,http://www.wikidata.org/wiki/Q43734
156A1QVJ,6,0,http://www.wikidata.org/wiki/Q69777247
156A1QVJ,4,0,http://www.wikidata.org/wiki/Q20858186
QKFFK7N3,2,0,http://www.wikidata.org/wiki/Q1272235
QKFFK7N3,1,0,http://www.wikidata.org/wiki/Q1352690
QKFFK7N3,2,2,http://www.wikidata.org/wiki/Q67210043
QKFFK7N3,6,2,http://www.wikidata.org/wiki/Q641498
QKFFK7N3,8,2,http://www.wikidata.org/wiki/Q104029119
QKFFK7N3,5,2,http://www.wikidata.org/wiki/Q1127305
QKFFK7N3,4,0,http://www.wikidata.org/wiki/Q12748391
QKFFK7N3,7,2,http://www.wikidata.org/wiki/Q11187737
QKFFK7N3,1,2,http://www.wikidata.org/wiki/Q6720
QKFFK7N3,3,2,http://www.wikidata.org/wiki/Q11185388
QKFFK7N3,9,2,http://www.wikidata.org/wiki/Q6750257
QKFFK7N3,3,0,http://www.wikidata.org/wiki/Q1034470
QKFFK7N3,4,2,http://www.wikidata.org/wiki/Q19326613
CY1UXB09,2,0,http://www.wikidata.org/wiki/Q711574
CY1UXB09,4,0,http://www.wikidata.org/wiki/Q1131328
CY1UXB09,3,3,http://www.wikidata.org/wiki/Q120255313
CY1UXB09,2,3,http://www.wikidata.org/wiki/Q12356197
CY1UXB09,3,0,http://www.wikidata.org/wiki/Q547545
CY1UXB09,1,3,http://www.wikidata.org/wiki/Q1483294
CY1UXB09,1,0,http://www.wikidata.org/wiki/Q711613
RC6B0WMT,1,2,http://www.wikidata.org/wiki/Q215168
RC6B0WMT,2,2,http://www.wikidata.org/wiki/Q1192203
RC6B0WMT,2,0,http://www.wikidata.org/wiki/Q17015253
RC6B0WMT,1,0,http://www.wikidata.org/wiki/Q20035274
A7AFUXWG,5,0,http://www.wikidata.org/wiki/Q110732
A7AFUXWG,1,2,http://www.wikidata.org/wiki/Q162875
A7AFUXWG,1,0,http://www.wikidata.org/wiki/Q5879759
A7AFUXWG,3,2,http://www.wikidata.org/wiki/Q173387
A7AFUXWG,3,0,http://www.wikidata.org/wiki/Q110163107
A7AFUXWG,4,2,http://www.wikidata.org/wiki/Q162875
A7AFUXWG,5,2,http://www.wikidata.org/wiki/Q162875
A7AFUXWG,6,0,http://www.wikidata.org/wiki/Q16982746
A7AFUXWG,2,2,http://www.wikidata.org/wiki/Q173387
A7AFUXWG,2,0,http://www.wikidata.org/wiki/Q1146714
A7AFUXWG,6,2,http://www.wikidata.org/wiki/Q173387
A7AFUXWG,4,0,http://www.wikidata.org/wiki/Q45368
AQHXJRE5,3,2,http://www.wikidata.org/wiki/Q716864
AQHXJRE5,1,0,http://www.wikidata.org/wiki/Q19861645
AQHXJRE5,4,0,http://www.wikidata.org/wiki/Q19863669
AQHXJRE5,1,2,http://www.wikidata.org/wiki/Q716864
AQHXJRE5,2,1,http://www.wikidata.org/wiki/Q111531598
AQHXJRE5,4,1,http://www.wikidata.org/wiki/Q106713196
AQHXJRE5,1,1,http://www.wikidata.org/wiki/Q111531598
AQHXJRE5,4,2,http://www.wikidata.org/wiki/Q17
AQHXJRE5,2,2,http://www.wikidata.org/wiki/Q111531598
AQHXJRE5,3,1,http://www.wikidata.org/wiki/Q114523855
AQHXJRE5,3,0,http://www.wikidata.org/wiki/Q16671835
AQHXJRE5,2,0,http://www.wikidata.org/wiki/Q19859305
89UT53IO,4,2,http://www.wikidata.org/wiki/Q183048
89UT53IO,2,2,http://www.wikidata.org/wiki/Q183048
89UT53IO,4,1,http://www.wikidata.org/wiki/Q7802008
89UT53IO,3,2,http://www.wikidata.org/wiki/Q183048
89UT53IO,1,1,http://www.wikidata.org/wiki/Q56033367
89UT53IO,3,1,http://www.wikidata.org/wiki/Q7802008
89UT53IO,2,1,http://www.wikidata.org/wiki/Q55049889
89UT53IO,3,0,http://www.wikidata.org/wiki/Q59961097
89UT53IO,1,0,http://www.wikidata.org/wiki/Q56033393
89UT53IO,1,2,http://www.wikidata.org/wiki/Q317427
89UT53IO,4,0,http://www.wikidata.org/wiki/Q59961097
89UT53IO,2,0,http://www.wikidata.org/wiki/Q3596262
89UT53IO,5,0,http://www.wikidata.org/wiki/Q599610
0DST8G7Y,1,2,http://www.wikidata.org/wiki/Q1061903
0DST8G7Y,2,2,http://www.wikidata.org/wiki/Q353348
0DST8G7Y,3,0,http://www.wikidata.org/wiki/Q2931018
0DST8G7Y,4,0,http://www.wikidata.org/wiki/Q2931018
0DST8G7Y,3,3,http://www.wikidata.org/wiki/Q11299
0DST8G7Y,2,1,http://www.wikidata.org/wiki/Q5593640
0DST8G7Y,3,2,http://www.wikidata.org/wiki/Q353348
0DST8G7Y,1,3,http://www.wikidata.org/wiki/Q11299
0DST8G7Y,4,1,http://www.wikidata.org/wiki/Q5593640
0DST8G7Y,1,0,http://www.wikidata.org/wiki/Q45092860
0DST8G7Y,2,0,http://www.wikidata.org/wiki/Q1022965
0DST8G7Y,2,3,http://www.wikidata.org/wiki/Q11299
0DST8G7Y,1,1,http://www.wikidata.org/wiki/Q5593640
0DST8G7Y,3,1,http://www.wikidata.org/wiki/Q5593640
0JPSM028,1,0,http://www.wikidata.org/wiki/Q1340177
0JPSM028,3,2,http://www.wikidata.org/wiki/Q39614
0JPSM028,4,0,http://www.wikidata.org/wiki/Q846659
0JPSM028,2,2,http://www.wikidata.org/wiki/Q39614
0JPSM028,1,1,http://www.wikidata.org/wiki/Q2975655
0JPSM028,4,1,http://www.wikidata.org/wiki/Q2975655
0JPSM028,5,0,http://www.wikidata.org/wiki/Q122591412
0JPSM028,1,2,http://www.wikidata.org/wiki/Q778806
0JPSM028,5,1,http://www.wikidata.org/wiki/Q3717
0JPSM028,4,2,http://www.wikidata.org/wiki/Q778806
0JPSM028,2,1,http://www.wikidata.org/wiki/Q4752572
0JPSM028,3,0,http://www.wikidata.org/wiki/Q1241568
0JPSM028,2,0,http://www.wikidata.org/wiki/Q63056
0JPSM028,3,1,http://www.wikidata.org/wiki/Q26878196
8YADUB52,2,2,http://www.wikidata.org/wiki/Q142
8YADUB52,5,2,http://www.wikidata.org/wiki/Q159
8YADUB52,7,0,http://www.wikidata.org/wiki/Q20099634
8YADUB52,7,2,http://www.wikidata.org/wiki/Q159
8YADUB52,5,0,http://www.wikidata.org/wiki/Q23720434
8YADUB52,4,0,http://www.wikidata.org/wiki/Q20099634
8YADUB52,1,2,http://www.wikidata.org/wiki/Q159
8YADUB52,6,0,http://www.wikidata.org/wiki/Q20666674
8YADUB52,6,2,http://www.wikidata.org/wiki/Q159
8YADUB52,8,0,http://www.wikidata.org/wiki/Q20099
8YADUB52,3,0,http://www.wikidata.org/wiki/Q20666674
8YADUB52,4,2,http://www.wikidata.org/wiki/Q159
8YADUB52,3,2,http://www.wikidata.org/wiki/Q20442327
8YADUB52,1,0,http://www.wikidata.org/wiki/Q2401302
8YADUB52,2,0,http://www.wikidata.org/wiki/Q1552859
